Model,Scenario,Ssp_family
AIM/CGE 2.0,ADVANCE_2020_1.5C-2100,2
AIM/CGE 2.0,ADVANCE_2020_Med2C,2
AIM/CGE 2.0,ADVANCE_2020_WB2C,2
AIM/CGE 2.0,ADVANCE_2030_Med2C,2
AIM/CGE 2.0,ADVANCE_2030_Price1.5C,2
AIM/CGE 2.0,ADVANCE_2030_WB2C,2
AIM/CGE 2.0,ADVANCE_INDC,2
AIM/CGE 2.0,ADVANCE_NoPolicy,2
AIM/CGE 2.0,ADVANCE_Reference,2
AIM/CGE 2.0,EMF30_BCOC-EndU,2
AIM/CGE 2.0,EMF30_Baseline,2
AIM/CGE 2.0,EMF30_CH4-Only,2
AIM/CGE 2.0,EMF30_ClimPolicy,2
AIM/CGE 2.0,EMF30_ClimPolicy+SLCF,2
AIM/CGE 2.0,EMF30_D_BCOC-Red,2
AIM/CGE 2.0,EMF30_D_CH4-ClimPolicy,2
AIM/CGE 2.0,EMF30_D_CO2-Only,2
AIM/CGE 2.0,EMF30_D_Frozen-CH4,2
AIM/CGE 2.0,EMF30_D_Frozen-EF,2
AIM/CGE 2.0,EMF30_D_Frozen-EF-EndU,2
AIM/CGE 2.0,EMF30_D_Frozen-EF-SLCF,2
AIM/CGE 2.0,EMF30_SLCF,2
AIM/CGE 2.0,EMF30_Slower-Action,2
AIM/CGE 2.0,EMF30_Slower-Action+SLCF,2
AIM/CGE 2.0,EMF30_Slower-to-faster,2
AIM/CGE 2.0,EMF30_Slower-to-faster+SLCF,2
AIM/CGE 2.0,EMF30_Slower-to-faster+SLCF+HFC,2
AIM/CGE 2.0,SFCM_SSP2_Bio_1p5Degree,2
AIM/CGE 2.0,SFCM_SSP2_Bio_2Degree,2
AIM/CGE 2.0,SFCM_SSP2_Bio_Baseline,2
AIM/CGE 2.0,SFCM_SSP2_EEEI_1p5Degree,2
AIM/CGE 2.0,SFCM_SSP2_EEEI_2Degree,2
AIM/CGE 2.0,SFCM_SSP2_EEEI_Baseline,2
AIM/CGE 2.0,SFCM_SSP2_LifeStyle_1p5Degree,2
AIM/CGE 2.0,SFCM_SSP2_LifeStyle_2Degree,2
AIM/CGE 2.0,SFCM_SSP2_LifeStyle_Baseline,2
AIM/CGE 2.0,SFCM_SSP2_Ref_1p5Degree,2
AIM/CGE 2.0,SFCM_SSP2_Ref_2Degree,2
AIM/CGE 2.0,SFCM_SSP2_Ref_Baseline,2
AIM/CGE 2.0,SFCM_SSP2_ST_CCS_1p5Degree,2
AIM/CGE 2.0,SFCM_SSP2_ST_CCS_2Degree,2
AIM/CGE 2.0,SFCM_SSP2_ST_CCS_Baseline,2
AIM/CGE 2.0,SFCM_SSP2_ST_bio_1p5Degree,2
AIM/CGE 2.0,SFCM_SSP2_ST_bio_2Degree,2
AIM/CGE 2.0,SFCM_SSP2_ST_bio_Baseline,2
AIM/CGE 2.0,SFCM_SSP2_ST_nuclear_1p5Degree,2
AIM/CGE 2.0,SFCM_SSP2_ST_nuclear_2Degree,2
AIM/CGE 2.0,SFCM_SSP2_ST_nuclear_Baseline,2
AIM/CGE 2.0,SFCM_SSP2_ST_solar_1p5Degree,2
AIM/CGE 2.0,SFCM_SSP2_ST_solar_2Degree,2
AIM/CGE 2.0,SFCM_SSP2_ST_solar_Baseline,2
AIM/CGE 2.0,SFCM_SSP2_ST_wind_1p5Degree,2
AIM/CGE 2.0,SFCM_SSP2_ST_wind_2Degree,2
AIM/CGE 2.0,SFCM_SSP2_ST_wind_Baseline,2
AIM/CGE 2.0,SFCM_SSP2_SupTech_1p5Degree,2
AIM/CGE 2.0,SFCM_SSP2_SupTech_2Degree,2
AIM/CGE 2.0,SFCM_SSP2_SupTech_Baseline,2
AIM/CGE 2.0,SFCM_SSP2_combined_1p5Degree,2
AIM/CGE 2.0,SFCM_SSP2_combined_2Degree,2
AIM/CGE 2.0,SFCM_SSP2_combined_Baseline,2
AIM/CGE 2.0,SSP1-19,1
AIM/CGE 2.0,SSP1-26,1
AIM/CGE 2.0,SSP1-34,1
AIM/CGE 2.0,SSP1-45,1
AIM/CGE 2.0,SSP1-Baseline,1
AIM/CGE 2.0,SSP2-19,2
AIM/CGE 2.0,SSP2-26,2
AIM/CGE 2.0,SSP2-34,2
AIM/CGE 2.0,SSP2-45,2
AIM/CGE 2.0,SSP2-60,2
AIM/CGE 2.0,SSP2-Baseline,2
AIM/CGE 2.0,SSP3-34,3
AIM/CGE 2.0,SSP3-45,3
AIM/CGE 2.0,SSP3-60,3
AIM/CGE 2.0,SSP3-Baseline,3
AIM/CGE 2.0,SSP4-26,4
AIM/CGE 2.0,SSP4-34,4
AIM/CGE 2.0,SSP4-45,4
AIM/CGE 2.0,SSP4-Baseline,4
AIM/CGE 2.0,SSP5-26,5
AIM/CGE 2.0,SSP5-34,5
AIM/CGE 2.0,SSP5-45,5
AIM/CGE 2.0,SSP5-60,5
AIM/CGE 2.0,SSP5-Baseline,5
AIM/CGE 2.1,CD-LINKS_INDC2030i_1600,2
AIM/CGE 2.1,CD-LINKS_INDCi,2
AIM/CGE 2.1,CD-LINKS_NDC2030i_1000,2
AIM/CGE 2.1,CD-LINKS_NPi,2
AIM/CGE 2.1,CD-LINKS_NPi2020_1000,2
AIM/CGE 2.1,CD-LINKS_NPi2020_1600,2
AIM/CGE 2.1,CD-LINKS_NPi2020_400,2
AIM/CGE 2.1,CD-LINKS_NoPolicy,2
AIM/CGE 2.1,CO_2Deg2020,2
AIM/CGE 2.1,CO_2Deg2030,2
AIM/CGE 2.1,CO_BAU,2
AIM/CGE 2.1,CO_Bridge,2
AIM/CGE 2.1,CO_CurPol,2
AIM/CGE 2.1,CO_GPP,2
AIM/CGE 2.1,CO_NDCplus,2
AIM/CGE 2.1,EMF33_Baseline,2
AIM/CGE 2.1,EMF33_Med2C_cost100,2
AIM/CGE 2.1,EMF33_Med2C_full,2
AIM/CGE 2.1,EMF33_Med2C_nobeccs,2
AIM/CGE 2.1,EMF33_Med2C_nofuel,2
AIM/CGE 2.1,EMF33_Med2C_none,2
AIM/CGE 2.1,EMF33_WB2C_cost100,2
AIM/CGE 2.1,EMF33_WB2C_full,2
AIM/CGE 2.1,EMF33_tax_hi_full,2
AIM/CGE 2.1,EMF33_tax_hi_none,2
AIM/CGE 2.1,EMF33_tax_lo_full,2
AIM/CGE 2.1,EMF33_tax_lo_none,2
AIM/CGE 2.1,TERL_15D_LowCarbonTransportPolicy,2
AIM/CGE 2.1,TERL_15D_NoTransportPolicy,2
AIM/CGE 2.1,TERL_2D_LowCarbonTransportPolicy,2
AIM/CGE 2.1,TERL_2D_NoTransportPolicy,2
AIM/CGE 2.1,TERL_Baseline_LowCarbonTransportPolicy,2
AIM/CGE 2.1,TERL_Baseline_NoTransportPolicy,2
AIM/CGE 2.2,ADVANCE_WP2_IND-450-FullTech,2
AIM/CGE 2.2,ADVANCE_WP2_IND-Base-FullTech,2
AIM/CGE 2.2,ADVANCE_WP2_TRA-450-FullTech,
AIM/CGE 2.2,ADVANCE_WP2_TRA-Base-FullTech,
AIM/CGE 2.2,ADVANCE_WP2_TRA-Ctax-FullTech,
AIM/CGE 2.2,EN_INDCi2030_1000f,2
AIM/CGE 2.2,EN_INDCi2030_1200,2
AIM/CGE 2.2,EN_INDCi2030_1200f,2
AIM/CGE 2.2,EN_INDCi2030_1400,2
AIM/CGE 2.2,EN_INDCi2030_1400f,2
AIM/CGE 2.2,EN_INDCi2030_1600,2
AIM/CGE 2.2,EN_INDCi2030_1600f,2
AIM/CGE 2.2,EN_INDCi2030_1800,2
AIM/CGE 2.2,EN_INDCi2030_1800f,2
AIM/CGE 2.2,EN_INDCi2030_800f,2
AIM/CGE 2.2,EN_INDCi2030_900f,2
AIM/CGE 2.2,EN_INDCi2100,2
AIM/CGE 2.2,EN_NPi2020_1000,2
AIM/CGE 2.2,EN_NPi2020_1000f,2
AIM/CGE 2.2,EN_NPi2020_1200,2
AIM/CGE 2.2,EN_NPi2020_1200f,2
AIM/CGE 2.2,EN_NPi2020_1400,2
AIM/CGE 2.2,EN_NPi2020_1400f,2
AIM/CGE 2.2,EN_NPi2020_1600,2
AIM/CGE 2.2,EN_NPi2020_1600f,2
AIM/CGE 2.2,EN_NPi2020_1800,2
AIM/CGE 2.2,EN_NPi2020_1800f,2
AIM/CGE 2.2,EN_NPi2020_300f,2
AIM/CGE 2.2,EN_NPi2020_400f,2
AIM/CGE 2.2,EN_NPi2020_500f,2
AIM/CGE 2.2,EN_NPi2020_600,2
AIM/CGE 2.2,EN_NPi2020_600f,2
AIM/CGE 2.2,EN_NPi2020_700,2
AIM/CGE 2.2,EN_NPi2020_700f,2
AIM/CGE 2.2,EN_NPi2020_800,2
AIM/CGE 2.2,EN_NPi2020_800f,2
AIM/CGE 2.2,EN_NPi2020_900,2
AIM/CGE 2.2,EN_NPi2020_900f,2
AIM/CGE 2.2,EN_NPi2100,2
AIM/Hub-Global 2.0,1.5C,2
AIM/Hub-Global 2.0,2.5C,2
AIM/Hub-Global 2.0,2C,2
AIM/Hub-Global 2.0,450ppmCancunP,2
AIM/Hub-Global 2.0,450ppmRCP,2
AIM/Hub-Global 2.0,450ppmeINDC,2
AIM/Hub-Global 2.0,Baseline,2
AIM/Hub-Global 2.0,INDCSamePrice,2
AIM/Hub-Global 2.0,WB2C,2
BET EMF33,EMF33_1.5C_cost100,2
BET EMF33,EMF33_1.5C_full,2
BET EMF33,EMF33_1.5C_nofuel,2
BET EMF33,EMF33_Baseline,2
BET EMF33,EMF33_Med2C_cost100,2
BET EMF33,EMF33_Med2C_full,2
BET EMF33,EMF33_Med2C_limbio,2
BET EMF33,EMF33_Med2C_nofuel,2
BET EMF33,EMF33_WB2C_cost100,2
BET EMF33,EMF33_WB2C_full,2
BET EMF33,EMF33_WB2C_limbio,2
BET EMF33,EMF33_WB2C_nofuel,2
BET EMF33,EMF33_tax_hi_full,2
BET EMF33,EMF33_tax_hi_none,2
BET EMF33,EMF33_tax_lo_full,2
BET EMF33,EMF33_tax_lo_none,2
C-ROADS-5.005,Ratchet-1.5-allCDR,2
C-ROADS-5.005,Ratchet-1.5-limCDR,2
C-ROADS-5.005,Ratchet-1.5-limCDR-noOS,2
C-ROADS-5.005,Ratchet-1.5-noCDR,2
C-ROADS-5.005,Ratchet-1.5-noCDR-noOS,2
C-ROADS-5.005,Reference,2
C3IAM 1.0,SSP1_5.0,1
C3IAM 1.0,SSP1_BAU,1
C3IAM 1.0,SSP1_NDC,1
C3IAM 1.0,SSP2_5.0,2
C3IAM 1.0,SSP2_BAU,2
C3IAM 1.0,SSP2_NDC,2
C3IAM 1.0,SSP3_5.5,3
C3IAM 1.0,SSP3_BAU,3
C3IAM 1.0,SSP3_NDC,3
C3IAM 2.0,2C-hybrid,2
C3IAM 2.0,2C-normal,2
C3IAM 2.0,2C-with BECCS,2
C3IAM 2.0,2C-with CCS,2
C3IAM 2.0,SSP2 BAU,2
COFFEE 1.1,CO_2Deg2020,2
COFFEE 1.1,CO_2Deg2030,2
COFFEE 1.1,CO_BAU,2
COFFEE 1.1,CO_Bridge,2
COFFEE 1.1,CO_CurPol,2
COFFEE 1.1,CO_GPP,2
COFFEE 1.1,CO_NDCplus,2
COFFEE 1.1,EN_INDCi2030_1000,2
COFFEE 1.1,EN_INDCi2030_1000_COV_NDCp,2
COFFEE 1.1,EN_INDCi2030_1000_NDCp,2
COFFEE 1.1,EN_INDCi2030_1000f,2
COFFEE 1.1,EN_INDCi2030_1000f_COV_NDCp,2
COFFEE 1.1,EN_INDCi2030_1000f_NDCp,2
COFFEE 1.1,EN_INDCi2030_1200,2
COFFEE 1.1,EN_INDCi2030_1200f,2
COFFEE 1.1,EN_INDCi2030_1400,2
COFFEE 1.1,EN_INDCi2030_1400f,2
COFFEE 1.1,EN_INDCi2030_1600,2
COFFEE 1.1,EN_INDCi2030_1600f,2
COFFEE 1.1,EN_INDCi2030_1800,2
COFFEE 1.1,EN_INDCi2030_1800f,2
COFFEE 1.1,EN_INDCi2030_2000,2
COFFEE 1.1,EN_INDCi2030_2000f,2
COFFEE 1.1,EN_INDCi2030_2500,2
COFFEE 1.1,EN_INDCi2030_2500f,2
COFFEE 1.1,EN_INDCi2030_400f,2
COFFEE 1.1,EN_INDCi2030_500,2
COFFEE 1.1,EN_INDCi2030_500f,2
COFFEE 1.1,EN_INDCi2030_600,2
COFFEE 1.1,EN_INDCi2030_600_COV_NDCp,2
COFFEE 1.1,EN_INDCi2030_600_NDCp,2
COFFEE 1.1,EN_INDCi2030_600f,2
COFFEE 1.1,EN_INDCi2030_600f_COV_NDCp,2
COFFEE 1.1,EN_INDCi2030_600f_NDCp,2
COFFEE 1.1,EN_INDCi2030_700,2
COFFEE 1.1,EN_INDCi2030_700f,2
COFFEE 1.1,EN_INDCi2030_800,2
COFFEE 1.1,EN_INDCi2030_800f,2
COFFEE 1.1,EN_INDCi2030_900,2
COFFEE 1.1,EN_INDCi2030_900f,2
COFFEE 1.1,EN_INDCi2100,2
COFFEE 1.1,EN_INDCi2100_COV_NDCp,2
COFFEE 1.1,EN_INDCi2100_NDCp,2
COFFEE 1.1,EN_NPi2020_1000,2
COFFEE 1.1,EN_NPi2020_1000_COV,2
COFFEE 1.1,EN_NPi2020_1000f,2
COFFEE 1.1,EN_NPi2020_1000f_COV,2
COFFEE 1.1,EN_NPi2020_1200,2
COFFEE 1.1,EN_NPi2020_1200f,2
COFFEE 1.1,EN_NPi2020_1400,2
COFFEE 1.1,EN_NPi2020_1400f,2
COFFEE 1.1,EN_NPi2020_1600,2
COFFEE 1.1,EN_NPi2020_1600f,2
COFFEE 1.1,EN_NPi2020_1800,2
COFFEE 1.1,EN_NPi2020_1800f,2
COFFEE 1.1,EN_NPi2020_2000,2
COFFEE 1.1,EN_NPi2020_2000f,2
COFFEE 1.1,EN_NPi2020_2500,2
COFFEE 1.1,EN_NPi2020_2500f,2
COFFEE 1.1,EN_NPi2020_400,2
COFFEE 1.1,EN_NPi2020_400_lowBECCS,2
COFFEE 1.1,EN_NPi2020_400f,2
COFFEE 1.1,EN_NPi2020_400f_lowBECCS,2
COFFEE 1.1,EN_NPi2020_500,2
COFFEE 1.1,EN_NPi2020_500f,2
COFFEE 1.1,EN_NPi2020_600,2
COFFEE 1.1,EN_NPi2020_600_COV,2
COFFEE 1.1,EN_NPi2020_600f,2
COFFEE 1.1,EN_NPi2020_600f_COV,2
COFFEE 1.1,EN_NPi2020_700,2
COFFEE 1.1,EN_NPi2020_700f,2
COFFEE 1.1,EN_NPi2020_800,2
COFFEE 1.1,EN_NPi2020_800f,2
COFFEE 1.1,EN_NPi2020_900,2
COFFEE 1.1,EN_NPi2020_900f,2
COFFEE 1.1,EN_NPi2100,2
COFFEE 1.1,EN_NPi2100_COV,2
COPPE-COFFEE 1.0,CD-LINKS_INDC2030i_1600,2
COPPE-COFFEE 1.0,CD-LINKS_INDCi,2
COPPE-COFFEE 1.0,CD-LINKS_NDC2030i_1000,2
COPPE-COFFEE 1.0,CD-LINKS_NPi,2
COPPE-COFFEE 1.0,CD-LINKS_NPi2020_1000,2
COPPE-COFFEE 1.0,CD-LINKS_NPi2020_1600,2
COPPE-COFFEE 1.0,CD-LINKS_NPi2020_400,2
DART 1.0,BAU_IEO,2
DART 1.0,BAU_WEO,2
DART 1.0,IEO_NDC2C_ASIA,2
DART 1.0,IEO_NDC2C_EUR_CHN,2
DART 1.0,IEO_NDC2C_GLOBAL,2
DART 1.0,IEO_NDC2C_PARTIAL,2
DART 1.0,IEO_NDC2C_REF,2
DART 1.0,IEO_NDC_ASIA,2
DART 1.0,IEO_NDC_EUR_CHN,2
DART 1.0,IEO_NDC_GLOBAL,2
DART 1.0,IEO_NDC_PARTIAL,2
DART 1.0,IEO_NDC_REF,2
DART 1.0,IEO_NDCplus_ASIA,2
DART 1.0,IEO_NDCplus_EUR_CHN,2
DART 1.0,IEO_NDCplus_GLOBAL,2
DART 1.0,IEO_NDCplus_PARTIAL,2
DART 1.0,IEO_NDCplus_REF,2
DART 1.0,WEO_NDC2C_ASIA,2
DART 1.0,WEO_NDC2C_EUR_CHN,2
DART 1.0,WEO_NDC2C_GLOBAL,2
DART 1.0,WEO_NDC2C_PARTIAL,2
DART 1.0,WEO_NDC2C_REF,2
DART 1.0,WEO_NDC_ASIA,2
DART 1.0,WEO_NDC_EUR_CHN,2
DART 1.0,WEO_NDC_GLOBAL,2
DART 1.0,WEO_NDC_PARTIAL,2
DART 1.0,WEO_NDC_REF,2
DART 1.0,WEO_NDCplus_ASIA,2
DART 1.0,WEO_NDCplus_EUR_CHN,2
DART 1.0,WEO_NDCplus_GLOBAL,2
DART 1.0,WEO_NDCplus_PARTIAL,2
DART 1.0,WEO_NDCplus_REF,2
DNE21+ V.14C,CD-LINKS_INDC2030i_1600,2
DNE21+ V.14C,CD-LINKS_INDCi,2
DNE21+ V.14C,CD-LINKS_NDC2030i_1000,2
DNE21+ V.14C,CD-LINKS_NPi,2
DNE21+ V.14C,CD-LINKS_NPi2020_1000,2
DNE21+ V.14C,CD-LINKS_NPi2020_1600,2
DNE21+ V.14C,CD-LINKS_NPi2020_400,2
DNE21+ V.14C,CD-LINKS_NoPolicy,2
DNE21+ V.14E1,EMF30_BCOC-EndU,2
DNE21+ V.14E1,EMF30_Baseline,2
DNE21+ V.14E1,EMF30_CH4-Only,2
DNE21+ V.14E1,EMF30_ClimPolicy,2
DNE21+ V.14E1,EMF30_ClimPolicy+SLCF,2
DNE21+ V.14E1,EMF30_D_BCOC-Red,2
DNE21+ V.14E1,EMF30_D_CH4-ClimPolicy,2
DNE21+ V.14E1,EMF30_D_CO2-Only,2
DNE21+ V.14E1,EMF30_D_Frozen-EF-EndU,2
DNE21+ V.14E1,EMF30_SLCF,2
DNE21+ V.14E1,EMF30_Slower-Action,2
DNE21+ V.14E1,EMF30_Slower-Action+SLCF,2
DNE21+ V.14E1,EMF30_Slower-to-faster,2
DNE21+ V.14E1,EMF30_Slower-to-faster+SLCF,2
DNE21+ V.14E1,EMF30_Slower-to-faster+SLCF+HFC,2
DNE21+ V.14E2,EMF33_1.5C_cost100,2
DNE21+ V.14E2,EMF33_1.5C_full,2
DNE21+ V.14E2,EMF33_1.5C_limbio,2
DNE21+ V.14E2,EMF33_1.5C_nofuel,2
DNE21+ V.14E2,EMF33_Baseline,2
DNE21+ V.14E2,EMF33_Med2C_cost100,2
DNE21+ V.14E2,EMF33_Med2C_full,2
DNE21+ V.14E2,EMF33_Med2C_limbio,2
DNE21+ V.14E2,EMF33_Med2C_nobeccs,2
DNE21+ V.14E2,EMF33_Med2C_nofuel,2
DNE21+ V.14E2,EMF33_Med2C_none,2
DNE21+ V.14E2,EMF33_WB2C_cost100,2
DNE21+ V.14E2,EMF33_WB2C_full,2
DNE21+ V.14E2,EMF33_WB2C_limbio,2
DNE21+ V.14E2,EMF33_WB2C_nobeccs,2
DNE21+ V.14E2,EMF33_WB2C_nofuel,2
DNE21+ V.14E2,EMF33_WB2C_none,2
DNE21+ V.14E2,EMF33_tax_hi_full,2
DNE21+ V.14E2,EMF33_tax_hi_none,2
DNE21+ V.14E2,EMF33_tax_lo_full,2
DNE21+ V.14E2,EMF33_tax_lo_none,2
DNE21+ V.ADVANCE,ADVANCE_WP2_IND-450-FullTech,2
DNE21+ V.ADVANCE,ADVANCE_WP2_IND-Base-FullTech,2
DNE21+ V.ADVANCE,ADVANCE_WP2_TRA-450-FullTech,
DNE21+ V.ADVANCE,ADVANCE_WP2_TRA-Base-FullTech,
DNE21+ V.ADVANCE,ADVANCE_WP2_TRA-Ctax-FullTech,
E3ME 6.1,1.5C,2
E3ME 6.1,1.5C OPEC sell-out,2
E3ME 6.1,2C,2
E3ME 6.1,2C OPEC sell-out,2
E3ME 6.1,Baseline,2
E3ME 6.1,PR_Baseline,2
E3ME 6.1,PR_CP_Intensity,2
E3ME 6.1,PR_CP_Price,2
E3ME 6.1,PR_NDC_Intensity,2
E3ME 6.1,PR_NDC_Price,2
EC-MSMR 1.0,BAU_IEO,2
EC-MSMR 1.0,BAU_WEO,2
EC-MSMR 1.0,IEO_NDC2C_ASIA,2
EC-MSMR 1.0,IEO_NDC2C_EUR_CHN,2
EC-MSMR 1.0,IEO_NDC2C_GLOBAL,2
EC-MSMR 1.0,IEO_NDC2C_PARTIAL,2
EC-MSMR 1.0,IEO_NDC2C_REF,2
EC-MSMR 1.0,IEO_NDC_ASIA,2
EC-MSMR 1.0,IEO_NDC_EUR_CHN,2
EC-MSMR 1.0,IEO_NDC_GLOBAL,2
EC-MSMR 1.0,IEO_NDC_PARTIAL,2
EC-MSMR 1.0,IEO_NDC_REF,2
EC-MSMR 1.0,IEO_NDCplus_ASIA,2
EC-MSMR 1.0,IEO_NDCplus_EUR_CHN,2
EC-MSMR 1.0,IEO_NDCplus_GLOBAL,2
EC-MSMR 1.0,IEO_NDCplus_PARTIAL,2
EC-MSMR 1.0,IEO_NDCplus_REF,2
EC-MSMR 1.0,WEO_NDC2C_ASIA,2
EC-MSMR 1.0,WEO_NDC2C_EUR_CHN,2
EC-MSMR 1.0,WEO_NDC2C_GLOBAL,2
EC-MSMR 1.0,WEO_NDC2C_PARTIAL,2
EC-MSMR 1.0,WEO_NDC2C_REF,2
EC-MSMR 1.0,WEO_NDC_ASIA,2
EC-MSMR 1.0,WEO_NDC_EUR_CHN,2
EC-MSMR 1.0,WEO_NDC_GLOBAL,2
EC-MSMR 1.0,WEO_NDC_PARTIAL,2
EC-MSMR 1.0,WEO_NDC_REF,2
EC-MSMR 1.0,WEO_NDCplus_ASIA,2
EC-MSMR 1.0,WEO_NDCplus_EUR_CHN,2
EC-MSMR 1.0,WEO_NDCplus_GLOBAL,2
EC-MSMR 1.0,WEO_NDCplus_PARTIAL,2
EC-MSMR 1.0,WEO_NDCplus_REF,2
EDGE-Buildings 1.0,SSP1,
EDGE-Buildings 1.0,SSP2,
EDGE-Buildings 1.0,SSP3,
EDGE-Buildings 1.0,SSP4,
EDGE-Buildings 1.0,SSP5,
EDGE-Buildings 2.0,Practices-low,
EDGE-Buildings 2.0,Practices-reference,
EDGE-Buildings 2.0,Practices-verylow,
EDGE-Buildings 3.0,SSP1,1
EDGE-Buildings 3.0,SSP2,2
EDGE-Buildings 3.0,SSP2_2020_0.3_All,2
EDGE-Buildings 3.0,SSP2_2020_0.3_NC,2
EDGE-Buildings 3.0,SSP2_2020_1.0_All,2
EDGE-Buildings 3.0,SSP2_2020_1.0_NC,2
EDGE-Buildings 3.0,SSP2_Ctax,2
EDGE-Buildings 3.0,SSP3,3
ENV-Linkages 3.0,EMF30_BCOC-EndU,2
ENV-Linkages 3.0,EMF30_Baseline,2
ENV-Linkages 3.0,EMF30_CH4-Only,2
ENV-Linkages 3.0,EMF30_ClimPolicy,2
ENV-Linkages 3.0,EMF30_ClimPolicy+SLCF,2
ENV-Linkages 3.0,EMF30_D_BCOC-Red,2
ENV-Linkages 3.0,EMF30_D_CH4-ClimPolicy,2
ENV-Linkages 3.0,EMF30_D_CO2-Only,2
ENV-Linkages 3.0,EMF30_D_Frozen-CH4,2
ENV-Linkages 3.0,EMF30_D_Frozen-EF,2
ENV-Linkages 3.0,EMF30_D_Frozen-EF-EndU,2
ENV-Linkages 3.0,EMF30_D_Frozen-EF-SLCF,2
ENV-Linkages 3.0,EMF30_SLCF,2
ENV-Linkages 3.0,EMF30_Slower-Action,2
ENV-Linkages 3.0,EMF30_Slower-Action+SLCF,2
ENVISAGE 10.01,BAU_IEO,2
ENVISAGE 10.01,BAU_WEO,2
ENVISAGE 10.01,IEO_NDC2C_ASIA,2
ENVISAGE 10.01,IEO_NDC2C_EUR_CHN,2
ENVISAGE 10.01,IEO_NDC2C_GLOBAL,2
ENVISAGE 10.01,IEO_NDC2C_PARTIAL,2
ENVISAGE 10.01,IEO_NDC2C_REF,2
ENVISAGE 10.01,IEO_NDC_ASIA,2
ENVISAGE 10.01,IEO_NDC_EUR_CHN,2
ENVISAGE 10.01,IEO_NDC_GLOBAL,2
ENVISAGE 10.01,IEO_NDC_PARTIAL,2
ENVISAGE 10.01,IEO_NDC_REF,2
ENVISAGE 10.01,IEO_NDCplus_ASIA,2
ENVISAGE 10.01,IEO_NDCplus_EUR_CHN,2
ENVISAGE 10.01,IEO_NDCplus_GLOBAL,2
ENVISAGE 10.01,IEO_NDCplus_PARTIAL,2
ENVISAGE 10.01,IEO_NDCplus_REF,2
ENVISAGE 10.01,WEO_NDC2C_ASIA,2
ENVISAGE 10.01,WEO_NDC2C_EUR_CHN,2
ENVISAGE 10.01,WEO_NDC2C_GLOBAL,2
ENVISAGE 10.01,WEO_NDC2C_PARTIAL,2
ENVISAGE 10.01,WEO_NDC2C_REF,2
ENVISAGE 10.01,WEO_NDC_ASIA,2
ENVISAGE 10.01,WEO_NDC_EUR_CHN,2
ENVISAGE 10.01,WEO_NDC_GLOBAL,2
ENVISAGE 10.01,WEO_NDC_PARTIAL,2
ENVISAGE 10.01,WEO_NDC_REF,2
ENVISAGE 10.01,WEO_NDCplus_ASIA,2
ENVISAGE 10.01,WEO_NDCplus_EUR_CHN,2
ENVISAGE 10.01,WEO_NDCplus_GLOBAL,2
ENVISAGE 10.01,WEO_NDCplus_PARTIAL,2
ENVISAGE 10.01,WEO_NDCplus_REF,2
EPPA 6,1.5CNow_Gradual,2
EPPA 6,1.5CNow_OptTax,2
EPPA 6,2CNow_Gradual,2
EPPA 6,2CNow_OptTax,2
EPPA 6,Paris1.5C_OptTax,2
EPPA 6,Paris2C_Gradual,2
EPPA 6,Paris2C_OptTax,2
EPPA 6,ParisFlat,2
EPPA 6,ParisForever,2
EPPA 6,Ref,2
En-ROADS-96,Ratchet-1.5-allCDR,2
En-ROADS-96,Ratchet-1.5-limCDR,2
En-ROADS-96,Reference,2
FARM 3.2,EMF33_Baseline,2
FARM 3.2,EMF33_Med2C_full,2
FARM 3.2,EMF33_Med2C_nobeccs,2
FARM 3.2,EMF33_Med2C_nofuel,2
FARM 3.2,EMF33_Med2C_none,2
FARM 3.2,EMF33_WB2C_full,2
FARM 3.2,EMF33_WB2C_nobeccs,2
FARM 3.2,EMF33_WB2C_nofuel,2
FARM 3.2,EMF33_WB2C_none,2
FARM 3.2,EMF33_tax_hi_full,2
FARM 3.2,EMF33_tax_hi_none,2
FARM 3.2,EMF33_tax_lo_full,2
FARM 3.2,EMF33_tax_lo_none,2
GAINS-dw4,ECLIPSEv6b_CLE,2
GAINS-dw4,ECLIPSEv6b_MFR,2
GCAM 4.0,20% abatement (FF&I),2
GCAM 4.0,20% abatement (GHG),2
GCAM 4.0,450 concentration,2
GCAM 4.0,50% abatement (FF&I),2
GCAM 4.0,50% abatement (GHG),2
GCAM 4.0,550 concentration,2
GCAM 4.0,650 concentration,2
GCAM 4.0,Core baseline,2
GCAM 4.0,High CO2 price,2
GCAM 4.0,Low CO2 price,2
GCAM 4.0,Policy baseline,2
GCAM 4.2,ADVANCE_2020_1.5C-2100,2
GCAM 4.2,ADVANCE_2020_Med2C,2
GCAM 4.2,ADVANCE_2020_WB2C,2
GCAM 4.2,ADVANCE_2030_1.5C-2100,2
GCAM 4.2,ADVANCE_2030_Med2C,2
GCAM 4.2,ADVANCE_2030_Price1.5C,2
GCAM 4.2,ADVANCE_2030_WB2C,2
GCAM 4.2,ADVANCE_NoPolicy,2
GCAM 4.2,EMF30_BCOC-EndU,2
GCAM 4.2,EMF30_Baseline,2
GCAM 4.2,EMF30_CH4-Only,2
GCAM 4.2,EMF30_ClimPolicy,2
GCAM 4.2,EMF30_ClimPolicy+SLCF,2
GCAM 4.2,EMF30_D_CH4-ClimPolicy,2
GCAM 4.2,EMF30_D_CO2-Only,2
GCAM 4.2,EMF30_D_Frozen-CH4,2
GCAM 4.2,EMF30_D_Frozen-EF,2
GCAM 4.2,EMF30_D_Frozen-EF-EndU,2
GCAM 4.2,EMF30_D_Frozen-EF-SLCF,2
GCAM 4.2,EMF30_SLCF,2
GCAM 4.2,EMF33_Baseline,2
GCAM 4.2,EMF33_Med2C_cost100,2
GCAM 4.2,EMF33_Med2C_full,2
GCAM 4.2,EMF33_Med2C_limbio,2
GCAM 4.2,EMF33_Med2C_nobeccs,2
GCAM 4.2,EMF33_Med2C_nofuel,2
GCAM 4.2,EMF33_Med2C_none,2
GCAM 4.2,EMF33_WB2C_full,2
GCAM 4.2,EMF33_WB2C_limbio,2
GCAM 4.2,EMF33_WB2C_nobeccs,2
GCAM 4.2,EMF33_WB2C_nofuel,2
GCAM 4.2,EMF33_WB2C_none,2
GCAM 4.2,EMF33_tax_hi_full,2
GCAM 4.2,EMF33_tax_hi_none,2
GCAM 4.2,EMF33_tax_lo_full,2
GCAM 4.2,EMF33_tax_lo_none,2
GCAM 4.2,SSP1-19,1
GCAM 4.2,SSP1-26,1
GCAM 4.2,SSP1-34,1
GCAM 4.2,SSP1-45,1
GCAM 4.2,SSP1-Baseline,1
GCAM 4.2,SSP2-19,2
GCAM 4.2,SSP2-26,2
GCAM 4.2,SSP2-34,2
GCAM 4.2,SSP2-45,2
GCAM 4.2,SSP2-60,2
GCAM 4.2,SSP2-Baseline,2
GCAM 4.2,SSP3-Baseline,3
GCAM 4.2,SSP4-26,4
GCAM 4.2,SSP4-34,4
GCAM 4.2,SSP4-45,4
GCAM 4.2,SSP4-60,4
GCAM 4.2,SSP4-Baseline,4
GCAM 4.2,SSP5-19,5
GCAM 4.2,SSP5-26,5
GCAM 4.2,SSP5-34,5
GCAM 4.2,SSP5-45,5
GCAM 4.2,SSP5-60,5
GCAM 4.2,SSP5-Baseline,5
GCAM 5.2,"NGFS1_Current policies (Hot house world, Rep)",2
GCAM 5.2,"NGFS1_Immediate 2C with CDR (Orderly, Rep)",2
GCAM 5.3,NGFS2_Below 2°C,2
GCAM 5.3,NGFS2_Current Policies,2
GCAM 5.3,NGFS2_Delayed Transition,2
GCAM 5.3,NGFS2_Divergent Net Zero Policies,2
GCAM 5.3,NGFS2_Nationally Determined Contributions (NDCs),2
GCAM 5.3,NGFS2_Net-Zero 2050,2
GCAM 5.3,R_BAU,2
GCAM 5.3,R_MAC_30_n0,2
GCAM 5.3,R_MAC_30_n8,2
GCAM 5.3,R_MAC_35_n0,2
GCAM 5.3,R_MAC_35_n8,2
GCAM 5.3,R_MAC_40_n0,2
GCAM 5.3,R_MAC_40_n8,2
GCAM 5.3,R_MAC_45_n0,2
GCAM 5.3,R_MAC_45_n8,2
GCAM 5.3,R_MAC_50_n0,2
GCAM 5.3,R_MAC_50_n8,2
GCAM 5.3,R_MAC_55_n0,2
GCAM 5.3,R_MAC_55_n8,2
GCAM 5.3,R_MAC_60_n0,2
GCAM 5.3,R_MAC_60_n8,2
GCAM 5.3,R_MAC_65_n0,2
GCAM 5.3,R_MAC_65_n8,2
GCAM 5.3,R_MAC_70_n0,2
GCAM 5.3,R_MAC_70_n8,2
GCAM 5.3,R_MAC_75_n0,2
GCAM 5.3,R_MAC_75_n8,2
GCAM 5.3,R_MAC_80_n0,2
GCAM 5.3,R_MAC_80_n8,2
GCAM 5.3,R_MAC_85_n0,2
GCAM 5.3,R_MAC_85_n8,2
GCAM 5.3,R_MAC_90_n0,2
GCAM 5.3,R_MAC_90_n8,2
GCAM 5.3,R_MAC_95_n0,2
GCAM 5.3,R_MAC_95_n8,2
GCAM 5.3,R_MAC_99_n0,2
GCAM 5.3,R_MAC_99_n8,2
GCAM 5.3,SSP1-DACCS-1p9-3pctHR,1
GCAM 5.3,SSP1-DACCS-2p6-3pctHR,1
GCAM 5.3,SSP1-highcostDACCS-2p6-3pctHR,1
GCAM 5.3,SSP1-lowcostDACCS-2p6-3pctHR,1
GCAM 5.3,SSP1-noDACCS-1p9-3pctHR,1
GCAM 5.3,SSP1-noDACCS-2p6-3pctHR,1
GCAM 5.3,SSP2-DACCS-2p6-3pctHR,2
GCAM 5.3,SSP2-noDACCS-2p6-3pctHR,2
GCAM 5.3,SSP4-DACCS-1p9-3pctHR,4
GCAM 5.3,SSP4-DACCS-2p6-3pctHR,4
GCAM 5.3,SSP4-highcostDACCS-2p6-3pctHR,4
GCAM 5.3,SSP4-medcostDACCS-2p6-3pctHR,4
GCAM 5.3,SSP4-noDACCS-1p9-3pctHR,4
GCAM 5.3,SSP4-noDACCS-2p6-3pctHR,4
GCAM 5.3,SSP5-DACCS-1p9-3pctHR,5
GCAM 5.3,SSP5-DACCS-2p6-3pctHR,5
GCAM 5.3,SSP5-noDACCS-2p6-3pctHR,5
GCAM 5.3,SSP_SSP1,1
GCAM 5.3,SSP_SSP2,2
GCAM 5.3,SSP_SSP3,3
GCAM 5.3,SSP_SSP4,4
GCAM 5.3,SSP_SSP5,5
GCAM-PR 5.3,CSH,2
GCAM-PR 5.3,PCSH,2
GCAM-PR 5.3,PR_CP_Intensity,2
GCAM-PR 5.3,PR_CP_Price,2
GCAM-PR 5.3,PR_CP_PriceOnly,2
GCAM-PR 5.3,PR_NDC_Intensity,2
GCAM-PR 5.3,PR_NDC_Price,2
GCAM-PR 5.3,PR_NDC_PriceOnly,2
GCAM-PR 5.3,PR_baseline,2
GCAM-PR 5.3,R,2
GCAM-PR 5.3,SH,2
GCAM-PR 5.3,USComp+UpdPledges+RoWCond,2
GCAM-PR 5.3,USComp+UpdPledges+RoWRatchet,2
GCAM-PR 5.3,USCurM+RoWCond,2
GCAM-PR 5.3,USCurM+RoWUncond,2
GCAM-PR 5.3,USCurM+UpdPledges+RoWCond,2
GCAM-PR 5.3,USCurM2020+RoWCond,2
GCAM-PR 5.3,USCurM2020+RoWUncond,2
GCAM-PR 5.3,USCurM2020+UpdPledges+RoWCond,2
GCAM-PR 5.3,USEngage2020+UpdPledges+RoWCond,2
GCAM-PR 5.3,USEngage2020+UpdPledges+RoWRatchet,2
GCAM5.2_NET,GCAM_1.5C_high_os_high-cost-DAC,2
GCAM5.2_NET,GCAM_1.5C_high_os_low-cost-DAC,2
GCAM5.2_NET,GCAM_1.5C_low_os_high-cost-DAC,2
GCAM5.2_NET,GCAM_1.5C_low_os_low-cost-DAC,2
GCAM5.2_NET,GCAM_1.5C_low_os_noDAC,2
GEM-E3 V1,CD-LINKS_INDCi,2
GEM-E3 V1,CD-LINKS_INDCi_recGenTaxation,2
GEM-E3 V1,CD-LINKS_INDCi_recSocialSecurity,2
GEM-E3 V1,CD-LINKS_NPi,2
GEM-E3 V1,CD-LINKS_NPi2020_1000,2
GEM-E3 V1,CD-LINKS_NPi2020_1000_recGenTaxation,2
GEM-E3 V1,CD-LINKS_NPi2020_1000_recSocialSecurity,2
GEM-E3 V1,CD-LINKS_NPi2020_1600,2
GEM-E3 V1,CD-LINKS_NPi2020_400,2
GEM-E3 V1,CD-LINKS_NPi2020_400_recGenTaxation,2
GEM-E3 V1,CD-LINKS_NPi2020_400_recSocialSecurity,2
GEM-E3_V2021,EN_INDCi2030_1000,2
GEM-E3_V2021,EN_INDCi2030_1000_COV,2
GEM-E3_V2021,EN_INDCi2030_1000_COV_NDCp,2
GEM-E3_V2021,EN_INDCi2030_1000_NDCp,2
GEM-E3_V2021,EN_INDCi2030_1000f,2
GEM-E3_V2021,EN_INDCi2030_1000f_COV,2
GEM-E3_V2021,EN_INDCi2030_1000f_COV_NDCp,2
GEM-E3_V2021,EN_INDCi2030_1000f_NDCp,2
GEM-E3_V2021,EN_INDCi2030_1400,2
GEM-E3_V2021,EN_INDCi2030_1400f,2
GEM-E3_V2021,EN_INDCi2030_1800,2
GEM-E3_V2021,EN_INDCi2030_1800f,2
GEM-E3_V2021,EN_INDCi2030_600f,2
GEM-E3_V2021,EN_INDCi2030_600f_COV,2
GEM-E3_V2021,EN_INDCi2030_600f_COV_NDCp,2
GEM-E3_V2021,EN_INDCi2030_600f_NDCp,2
GEM-E3_V2021,EN_INDCi2030_800,2
GEM-E3_V2021,EN_INDCi2030_800f,2
GEM-E3_V2021,EN_INDCi2100,2
GEM-E3_V2021,EN_INDCi2100_COV,2
GEM-E3_V2021,EN_INDCi2100_COV_NDCp,2
GEM-E3_V2021,EN_INDCi2100_NDCp,2
GEM-E3_V2021,EN_NPi2020_1000,2
GEM-E3_V2021,EN_NPi2020_1000_COV,2
GEM-E3_V2021,EN_NPi2020_1000f,2
GEM-E3_V2021,EN_NPi2020_1000f_COV,2
GEM-E3_V2021,EN_NPi2020_1400,2
GEM-E3_V2021,EN_NPi2020_1400f,2
GEM-E3_V2021,EN_NPi2020_1800,2
GEM-E3_V2021,EN_NPi2020_1800f,2
GEM-E3_V2021,EN_NPi2020_400f,2
GEM-E3_V2021,EN_NPi2020_500,2
GEM-E3_V2021,EN_NPi2020_500f,2
GEM-E3_V2021,EN_NPi2020_600,2
GEM-E3_V2021,EN_NPi2020_600_COV,2
GEM-E3_V2021,EN_NPi2020_600f,2
GEM-E3_V2021,EN_NPi2020_600f_COV,2
GEM-E3_V2021,EN_NPi2020_800,2
GEM-E3_V2021,EN_NPi2020_800f,2
GEM-E3_V2021,EN_NPi2100,2
GEM-E3_V2021,EN_NPi2100_COV,2
GEMINI-E3 7.0,PR_Baseline,2
GEMINI-E3 7.0,PR_CP_Intensity,2
GEMINI-E3 7.0,PR_CP_Price,2
GEMINI-E3 7.0,PR_CP_PriceOnly,2
GEMINI-E3 7.0,PR_NDC_Intensity,2
GEMINI-E3 7.0,PR_NDC_Price,2
GENeSYS-MOD 1.0,1,
GMM-17,Hard_Rock,2
GMM-17,Modern_Jazz,2
GMM-17,Symphony_1.5C,2
GMM-17,Unfinished_Symphony,2
GRAPE-15 1.0,EMF33_1.5C_cost100,2
GRAPE-15 1.0,EMF33_1.5C_full,2
GRAPE-15 1.0,EMF33_1.5C_nofuel,2
GRAPE-15 1.0,EMF33_Baseline,2
GRAPE-15 1.0,EMF33_Med2C_cost100,2
GRAPE-15 1.0,EMF33_Med2C_full,2
GRAPE-15 1.0,EMF33_Med2C_limbio,2
GRAPE-15 1.0,EMF33_Med2C_nobeccs,2
GRAPE-15 1.0,EMF33_Med2C_nofuel,2
GRAPE-15 1.0,EMF33_Med2C_none,2
GRAPE-15 1.0,EMF33_WB2C_cost100,2
GRAPE-15 1.0,EMF33_WB2C_full,2
GRAPE-15 1.0,EMF33_WB2C_limbio,2
GRAPE-15 1.0,EMF33_WB2C_nofuel,2
GRAPE-15 1.0,EMF33_tax_hi_full,2
GRAPE-15 1.0,EMF33_tax_hi_none,2
GRAPE-15 1.0,EMF33_tax_lo_full,2
GRAPE-15 1.0,EMF33_tax_lo_none,2
Global TIMES 2.0,SSP1RCP2.6,1
Global TIMES 2.0,SSP1REF,1
Global TIMES 2.0,SSP2RCP2.6,2
Global TIMES 2.0,SSP2RCP4.5,2
Global TIMES 2.0,SSP2REF,2
Global TIMES 2.0,SSP3RCP2.6,3
Global TIMES 2.0,SSP3RCP4.5,3
Global TIMES 2.0,SSP3REF,3
Global TIMES 2.0,SSP4RCP2.6,4
Global TIMES 2.0,SSP4RCP4.5,4
Global TIMES 2.0,SSP4REF,4
Global TIMES 2.0,SSP5RCP2.6,5
Global TIMES 2.0,SSP5RCP4.5,5
Global TIMES 2.0,SSP5REF,5
Global Transportation Roadmap 2019.05,ICE Policy Potential,2
Global Transportation Roadmap 2019.05,ICE+EV Policy Potential (AGIS),2
Global Transportation Roadmap 2019.05,ICE+EV Policy Potential (MGIS),2
Global Transportation Roadmap 2019.05,With Currently Adopted Policies,2
HEB 2.0,Deep,
HEB 2.0,Moderate,
ICES-EMF 1.0,BAU_IEO,2
ICES-EMF 1.0,BAU_WEO,2
ICES-EMF 1.0,IEO_NDC2C_ASIA,2
ICES-EMF 1.0,IEO_NDC2C_EUR_CHN,2
ICES-EMF 1.0,IEO_NDC2C_GLOBAL,2
ICES-EMF 1.0,IEO_NDC2C_PARTIAL,2
ICES-EMF 1.0,IEO_NDC2C_REF,2
ICES-EMF 1.0,IEO_NDC_ASIA,2
ICES-EMF 1.0,IEO_NDC_EUR_CHN,2
ICES-EMF 1.0,IEO_NDC_GLOBAL,2
ICES-EMF 1.0,IEO_NDC_PARTIAL,2
ICES-EMF 1.0,IEO_NDC_REF,2
ICES-EMF 1.0,IEO_NDCplus_ASIA,2
ICES-EMF 1.0,IEO_NDCplus_EUR_CHN,2
ICES-EMF 1.0,IEO_NDCplus_GLOBAL,2
ICES-EMF 1.0,IEO_NDCplus_PARTIAL,2
ICES-EMF 1.0,IEO_NDCplus_REF,2
ICES-EMF 1.0,WEO_NDC2C_ASIA,2
ICES-EMF 1.0,WEO_NDC2C_EUR_CHN,2
ICES-EMF 1.0,WEO_NDC2C_GLOBAL,2
ICES-EMF 1.0,WEO_NDC2C_PARTIAL,2
ICES-EMF 1.0,WEO_NDC2C_REF,2
ICES-EMF 1.0,WEO_NDC_ASIA,2
ICES-EMF 1.0,WEO_NDC_EUR_CHN,2
ICES-EMF 1.0,WEO_NDC_GLOBAL,2
ICES-EMF 1.0,WEO_NDC_PARTIAL,2
ICES-EMF 1.0,WEO_NDC_REF,2
ICES-EMF 1.0,WEO_NDCplus_ASIA,2
ICES-EMF 1.0,WEO_NDCplus_EUR_CHN,2
ICES-EMF 1.0,WEO_NDCplus_GLOBAL,2
ICES-EMF 1.0,WEO_NDCplus_PARTIAL,2
ICES-EMF 1.0,WEO_NDCplus_REF,2
ICES-XPS 1.0,CSH,2
ICES-XPS 1.0,PCSH,2
ICES-XPS 1.0,PR_Baseline,2
ICES-XPS 1.0,PR_CP_Intensity,2
ICES-XPS 1.0,PR_CP_Price,2
ICES-XPS 1.0,PR_CP_PriceOnly,2
ICES-XPS 1.0,PR_NDC_Intensity,2
ICES-XPS 1.0,PR_NDC_Price,2
ICES-XPS 1.0,PR_NDC_PriceOnly,2
ICES-XPS 1.0,R,2
ICES-XPS 1.0,SH,2
IEA Energy Technology Perspectives Model 2020,B2DS,2
IIASAPOP 2.0,SSP1,1
IIASAPOP 2.0,SSP2,2
IIASAPOP 2.0,SSP3,3
IIASAPOP 2.0,SSP4,4
IIASAPOP 2.0,SSP5,5
IMACLIM 1.1,ADVANCE_2020_1.5C-2100_WP6,2
IMACLIM 1.1,ADVANCE_2020_Med2C_WP6,2
IMACLIM 1.1,ADVANCE_2020_WB2C_WP6,2
IMACLIM 1.1,ADVANCE_2030_Med2C_WP6,2
IMACLIM 1.1,ADVANCE_2030_Price1.5C_WP6,2
IMACLIM 1.1,ADVANCE_2030_WB2C_WP6,2
IMACLIM 1.1,ADVANCE_INDC_WP6,2
IMACLIM 1.1,ADVANCE_NoPolicy_WP6,2
IMACLIM 1.1,ADVANCE_Reference_WP6,2
IMACLIM 1.1,SSP1_NoPolicy_TranspBase,1
IMACLIM 1.1,SSP1_NoPolicy_TranspOpt,1
IMACLIM 1.1,SSP1_RCP34_TranspBase,1
IMACLIM 1.1,SSP1_RCP34_TranspOpt,1
IMACLIM 1.1,SSP1_RCP45_TranspBase,1
IMACLIM 1.1,SSP1_RCP45_TranspOpt,1
IMACLIM 1.1,SSP3_NoPolicy_TranspBase,3
IMACLIM 1.1,SSP3_NoPolicy_TranspOpt,3
IMACLIM 1.1,SSP3_NoPolicy_Transp_111,3
IMACLIM 1.1,SSP3_NoPolicy_Transp_112,3
IMACLIM 1.1,SSP3_NoPolicy_Transp_121,3
IMACLIM 1.1,SSP3_NoPolicy_Transp_211,3
IMACLIM 1.1,SSP3_NoPolicy_Transp_222,3
IMACLIM 1.1,SSP3_RCP26_Transp_111,3
IMACLIM 1.1,SSP3_RCP26_Transp_112,3
IMACLIM 1.1,SSP3_RCP26_Transp_121,3
IMACLIM 1.1,SSP3_RCP26_Transp_211,3
IMACLIM 1.1,SSP3_RCP26_Transp_222,3
IMACLIM 1.1,SSP3_RCP34_TranspBase,3
IMACLIM 1.1,SSP3_RCP34_TranspOpt,3
IMACLIM 1.1,SSP3_RCP34_Transp_111,3
IMACLIM 1.1,SSP3_RCP34_Transp_112,3
IMACLIM 1.1,SSP3_RCP34_Transp_121,3
IMACLIM 1.1,SSP3_RCP34_Transp_211,3
IMACLIM 1.1,SSP3_RCP34_Transp_222,3
IMACLIM 1.1,SSP3_RCP45_TranspBase,3
IMACLIM 1.1,SSP3_RCP45_TranspOpt,3
IMACLIM 1.1,SSP3_RCP45_Transp_111,3
IMACLIM 1.1,SSP3_RCP45_Transp_112,3
IMACLIM 1.1,SSP3_RCP45_Transp_121,3
IMACLIM 1.1,SSP3_RCP45_Transp_211,3
IMACLIM 1.1,SSP3_RCP45_Transp_222,3
IMACLIM 1.1,base_DemandHigh_FossilHigh_TechHigh,2
IMACLIM 1.1,base_DemandHigh_FossilLow_TechHigh,2
IMACLIM 1.1,base_DemandHigh_FossilLow_TechLow,2
IMACLIM 1.1,base_DemandLow_FossilHigh_TechHigh,2
IMACLIM 1.1,base_DemandLow_FossilHigh_TechLow,2
IMACLIM 1.1,base_DemandLow_FossilLow_TechHigh,2
IMACLIM 1.1,base_DemandLow_FossilLow_TechLow,2
IMACLIM 1.1,peak2016_DemandHigh_FossilHigh_TechHigh,2
IMACLIM 1.1,peak2016_DemandHigh_FossilLow_TechHigh,2
IMACLIM 1.1,peak2016_DemandHigh_FossilLow_TechLow,2
IMACLIM 1.1,peak2016_DemandLow_FossilHigh_TechHigh,2
IMACLIM 1.1,peak2016_DemandLow_FossilHigh_TechLow,2
IMACLIM 1.1,peak2016_DemandLow_FossilLow_TechHigh,2
IMACLIM 1.1,peak2016_DemandLow_FossilLow_TechLow,2
IMACLIM 1.1,peak2020_DemandHigh_FossilHigh_TechHigh,2
IMACLIM 1.1,peak2020_DemandHigh_FossilLow_TechHigh,2
IMACLIM 1.1,peak2020_DemandHigh_FossilLow_TechLow,2
IMACLIM 1.1,peak2020_DemandLow_FossilHigh_TechHigh,2
IMACLIM 1.1,peak2020_DemandLow_FossilHigh_TechLow,2
IMACLIM 1.1,peak2020_DemandLow_FossilLow_TechHigh,2
IMACLIM 1.1,peak2020_DemandLow_FossilLow_TechLow,2
IMACLIM 1.1,peak2025_DemandHigh_FossilHigh_TechHigh,2
IMACLIM 1.1,peak2025_DemandHigh_FossilLow_TechHigh,2
IMACLIM 1.1,peak2025_DemandHigh_FossilLow_TechLow,2
IMACLIM 1.1,peak2025_DemandLow_FossilHigh_TechHigh,2
IMACLIM 1.1,peak2025_DemandLow_FossilHigh_TechLow,2
IMACLIM 1.1,peak2025_DemandLow_FossilLow_TechHigh,2
IMACLIM-NLU 1.0,EMF33_Baseline,2
IMACLIM-NLU 1.0,EMF33_tax_hi_none,2
IMACLIM-NLU 1.0,EMF33_tax_lo_none,2
IMAGE 3.0,ADVANCE_WP2_IND-450-FullTech,2
IMAGE 3.0,ADVANCE_WP2_IND-Base-FullTech,2
IMAGE 3.0,ADVANCE_WP2_TRA-450-FullTech,
IMAGE 3.0,ADVANCE_WP2_TRA-Base-FullTech,
IMAGE 3.0,ADVANCE_WP2_TRA-Ctax-FullTech,
IMAGE 3.0,CO_2Deg2020,2
IMAGE 3.0,CO_2Deg2030,2
IMAGE 3.0,CO_BAU,2
IMAGE 3.0,CO_Bridge,2
IMAGE 3.0,CO_CurPol,2
IMAGE 3.0,CO_GPP,2
IMAGE 3.0,CO_NDCplus,2
IMAGE 3.0,EN_INDCi2030_1000,2
IMAGE 3.0,EN_INDCi2030_1000f,2
IMAGE 3.0,EN_INDCi2030_1200,2
IMAGE 3.0,EN_INDCi2030_1200f,2
IMAGE 3.0,EN_INDCi2030_1400,2
IMAGE 3.0,EN_INDCi2030_1400f,2
IMAGE 3.0,EN_INDCi2030_3000,2
IMAGE 3.0,EN_INDCi2030_3000f,2
IMAGE 3.0,EN_INDCi2030_800f,2
IMAGE 3.0,EN_INDCi2100,2
IMAGE 3.0,EN_NPi2020_1000,2
IMAGE 3.0,EN_NPi2020_1000f,2
IMAGE 3.0,EN_NPi2020_1200,2
IMAGE 3.0,EN_NPi2020_1200f,2
IMAGE 3.0,EN_NPi2020_1400,2
IMAGE 3.0,EN_NPi2020_1400f,2
IMAGE 3.0,EN_NPi2020_3000,2
IMAGE 3.0,EN_NPi2020_3000f,2
IMAGE 3.0,EN_NPi2020_600f,2
IMAGE 3.0,EN_NPi2020_800,2
IMAGE 3.0,EN_NPi2020_800f,2
IMAGE 3.0,EN_NPi2100,2
IMAGE 3.0,EN_NoPolicy,2
IMAGE 3.0.1,ADVANCE_2020_1.5C-2100,2
IMAGE 3.0.1,ADVANCE_2020_Med2C,2
IMAGE 3.0.1,ADVANCE_2020_WB2C,2
IMAGE 3.0.1,ADVANCE_2030_Med2C,2
IMAGE 3.0.1,ADVANCE_2030_WB2C,2
IMAGE 3.0.1,ADVANCE_INDC,2
IMAGE 3.0.1,ADVANCE_NoPolicy,2
IMAGE 3.0.1,ADVANCE_Reference,2
IMAGE 3.0.1,CD-LINKS_INDC2030i_1600,2
IMAGE 3.0.1,CD-LINKS_INDCi,2
IMAGE 3.0.1,CD-LINKS_NDC2030i_1000,2
IMAGE 3.0.1,CD-LINKS_NPi,2
IMAGE 3.0.1,CD-LINKS_NPi2020_1000,2
IMAGE 3.0.1,CD-LINKS_NPi2020_1600,2
IMAGE 3.0.1,CD-LINKS_NPi2020_400,2
IMAGE 3.0.1,CD-LINKS_NoPolicy,2
IMAGE 3.0.1,EMF30_BCOC-EndU,2
IMAGE 3.0.1,EMF30_Baseline,2
IMAGE 3.0.1,EMF30_CH4-Only,2
IMAGE 3.0.1,EMF30_ClimPolicy,2
IMAGE 3.0.1,EMF30_ClimPolicy+SLCF,2
IMAGE 3.0.1,EMF30_D_BCOC-Red,2
IMAGE 3.0.1,EMF30_D_CH4-ClimPolicy,2
IMAGE 3.0.1,EMF30_D_CO2-Only,2
IMAGE 3.0.1,EMF30_D_Frozen-CH4,2
IMAGE 3.0.1,EMF30_D_Frozen-EF,2
IMAGE 3.0.1,EMF30_D_Frozen-EF-EndU,2
IMAGE 3.0.1,EMF30_D_Frozen-EF-SLCF,2
IMAGE 3.0.1,EMF30_SLCF,2
IMAGE 3.0.1,EMF30_Slower-Action,2
IMAGE 3.0.1,EMF30_Slower-Action+SLCF,2
IMAGE 3.0.1,EMF30_Slower-to-faster,2
IMAGE 3.0.1,EMF30_Slower-to-faster+SLCF,2
IMAGE 3.0.1,EMF30_Slower-to-faster+SLCF+HFC,2
IMAGE 3.0.1,IMA15-AGInt,2
IMAGE 3.0.1,IMA15-Def,2
IMAGE 3.0.1,IMA15-Eff,2
IMAGE 3.0.1,IMA15-LiStCh,2
IMAGE 3.0.1,IMA15-LoNCO2,2
IMAGE 3.0.1,IMA15-Pop,2
IMAGE 3.0.1,IMA15-RenElec,2
IMAGE 3.0.1,IMA15-TOT,2
IMAGE 3.0.1,SSP1-19,1
IMAGE 3.0.1,SSP1-26,1
IMAGE 3.0.1,SSP1-34,1
IMAGE 3.0.1,SSP1-45,1
IMAGE 3.0.1,SSP1-Baseline,1
IMAGE 3.0.1,SSP2-26,2
IMAGE 3.0.1,SSP2-34,2
IMAGE 3.0.1,SSP2-45,2
IMAGE 3.0.1,SSP2-60,2
IMAGE 3.0.1,SSP2-Baseline,2
IMAGE 3.0.1,SSP3-34,3
IMAGE 3.0.1,SSP3-45,3
IMAGE 3.0.1,SSP3-60,3
IMAGE 3.0.1,SSP3-Baseline,3
IMAGE 3.0.1,SSP4-26,4
IMAGE 3.0.1,SSP4-34,4
IMAGE 3.0.1,SSP4-45,4
IMAGE 3.0.1,SSP4-60,4
IMAGE 3.0.1,SSP4-Baseline,4
IMAGE 3.0.1,SSP5-34,5
IMAGE 3.0.1,SSP5-45,5
IMAGE 3.0.1,SSP5-60,5
IMAGE 3.0.1,SSP5-Baseline,5
IMAGE 3.0.2,EMF33_Baseline,2
IMAGE 3.0.2,EMF33_Med2C_cost100,2
IMAGE 3.0.2,EMF33_Med2C_full,2
IMAGE 3.0.2,EMF33_Med2C_limbio,2
IMAGE 3.0.2,EMF33_Med2C_nobeccs,2
IMAGE 3.0.2,EMF33_Med2C_nofuel,2
IMAGE 3.0.2,EMF33_Med2C_none,2
IMAGE 3.0.2,EMF33_WB2C_cost100,2
IMAGE 3.0.2,EMF33_WB2C_full,2
IMAGE 3.0.2,EMF33_WB2C_limbio,2
IMAGE 3.0.2,EMF33_WB2C_nobeccs,2
IMAGE 3.0.2,EMF33_WB2C_nofuel,2
IMAGE 3.0.2,EMF33_tax_hi_full,2
IMAGE 3.0.2,EMF33_tax_hi_none,2
IMAGE 3.0.2,EMF33_tax_lo_full,2
IMAGE 3.0.2,EMF33_tax_lo_none,2
IMAGE 3.2,SSP1-baseline,1
IMAGE 3.2,SSP1_SPA1_19I_D,1
IMAGE 3.2,SSP1_SPA1_19I_D_LB,1
IMAGE 3.2,SSP1_SPA1_19I_LI,1
IMAGE 3.2,SSP1_SPA1_19I_LIRE,1
IMAGE 3.2,SSP1_SPA1_19I_LIRE_LB,1
IMAGE 3.2,SSP1_SPA1_19I_RE,1
IMAGE 3.2,SSP1_SPA1_19I_RE_LB,1
IMAGE 3.2,SSP1_SPA1_26I_D,1
IMAGE 3.2,SSP1_SPA1_26I_LI,1
IMAGE 3.2,SSP1_SPA1_26I_LIRE,1
IMAGE 3.2,SSP1_SPA1_26I_RE,1
IMAGE 3.2,SSP1_SPA1_34I_D,1
IMAGE 3.2,SSP1_SPA1_34I_LI,1
IMAGE 3.2,SSP1_SPA1_34I_LIRE,1
IMAGE 3.2,SSP1_SPA1_34I_RE,1
IMAGE 3.2,SSP2-baseline,
IMAGE 3.2,SSP2_SPA0_26I_D,2
IMAGE 3.2,SSP2_SPA1_19I_D_LB,2
IMAGE 3.2,SSP2_SPA1_19I_LIRE_LB,2
IMAGE 3.2,SSP2_SPA1_19I_RE_LB,2
IMAGE 3.2,SSP2_SPA2_19I_D,2
IMAGE 3.2,SSP2_SPA2_19I_LI,2
IMAGE 3.2,SSP2_SPA2_19I_LIRE,2
IMAGE 3.2,SSP2_SPA2_19I_RE,2
IMAGE 3.2,SSP2_SPA2_26I_D,2
IMAGE 3.2,SSP2_SPA2_26I_LI,2
IMAGE 3.2,SSP2_SPA2_26I_LIRE,2
IMAGE 3.2,SSP2_SPA2_26I_RE,2
IMAGE 3.2,SSP2_SPA2_34I_D,2
IMAGE 3.2,SSP2_SPA2_34I_LI,2
IMAGE 3.2,SSP2_SPA2_34I_LIRE,2
IMAGE 3.2,SSP2_SPA2_34I_RE,2
IMAGE 3.2,SSP2_SPA2_45I_D,2
IMAGE 3.2,SSP2_SPA2_45I_LI,2
IMAGE 3.2,SSP2_SPA2_45I_LIRE,2
IMAGE 3.2,SSP2_SPA2_45I_RE,2
IMAGE 3.2,SSP3-baseline,3
IMAGE 3.2,SSP4-baseline,4
IMAGE 3.2,SSP5-baseline,5
LUT-ESTM 2.0,BPS,2
MAgPIE 4.2,SSP2_RCP2.6,2
MAgPIE 4.2,SSP2_RCP2.6+PeatProt,2
MAgPIE 4.2,SSP2_RCP2.6+PeatRestor,2
MERGE-ETL 6.0,BAU,2
MERGE-ETL 6.0,DAC15_50,2
MERGE-ETL 6.0,DAC2_66,2
MESSAGE V.3,GEA_Eff_1p5C,2
MESSAGE V.3,GEA_Eff_1p5C_Delay2020,2
MESSAGE V.3,GEA_Eff_2C_Delay2020,2
MESSAGE V.3,GEA_Eff_AdvNCO2_1p5C,2
MESSAGE V.3,GEA_Eff_base,2
MESSAGE V.3,GEA_Mix_1p5C_AdvNCO2_PartialDelay2020,2
MESSAGE V.3,GEA_Mix_1p5C_AdvTrans_PartialDelay2020,2
MESSAGE V.3,GEA_Mix_2C_AdvNCO2_PartialDelay2020,2
MESSAGE V.3,GEA_Mix_2C_AdvTrans_PartialDelay2020,2
MESSAGE V.3,GEA_Mix_base,2
MESSAGE-GLOBIOM 1.0,ADVANCE_2020_1.5C-2100,2
MESSAGE-GLOBIOM 1.0,ADVANCE_2020_Med2C,2
MESSAGE-GLOBIOM 1.0,ADVANCE_2020_WB2C,2
MESSAGE-GLOBIOM 1.0,ADVANCE_2030_Med2C,2
MESSAGE-GLOBIOM 1.0,ADVANCE_2030_Price1.5C,2
MESSAGE-GLOBIOM 1.0,ADVANCE_2030_WB2C,2
MESSAGE-GLOBIOM 1.0,ADVANCE_INDC,2
MESSAGE-GLOBIOM 1.0,ADVANCE_NoPolicy,2
MESSAGE-GLOBIOM 1.0,ADVANCE_Reference,2
MESSAGE-GLOBIOM 1.0,EMF30_BCOC-EndU,2
MESSAGE-GLOBIOM 1.0,EMF30_Baseline,2
MESSAGE-GLOBIOM 1.0,EMF30_CH4-Only,2
MESSAGE-GLOBIOM 1.0,EMF30_ClimPolicy,2
MESSAGE-GLOBIOM 1.0,EMF30_ClimPolicy+SLCF,2
MESSAGE-GLOBIOM 1.0,EMF30_D_BCOC-Red,2
MESSAGE-GLOBIOM 1.0,EMF30_D_CH4-ClimPolicy,2
MESSAGE-GLOBIOM 1.0,EMF30_D_Frozen-CH4,2
MESSAGE-GLOBIOM 1.0,EMF30_D_Frozen-EF,2
MESSAGE-GLOBIOM 1.0,EMF30_D_Frozen-EF-EndU,2
MESSAGE-GLOBIOM 1.0,EMF30_D_Frozen-EF-SLCF,2
MESSAGE-GLOBIOM 1.0,EMF30_SLCF,2
MESSAGE-GLOBIOM 1.0,EMF30_Slower-Action,2
MESSAGE-GLOBIOM 1.0,EMF30_Slower-Action+SLCF,2
MESSAGE-GLOBIOM 1.0,EMF30_Slower-to-faster,2
MESSAGE-GLOBIOM 1.0,EMF30_Slower-to-faster+SLCF,2
MESSAGE-GLOBIOM 1.0,EMF30_Slower-to-faster+SLCF+HFC,2
MESSAGE-GLOBIOM 1.0,EMF33_1.5C_cost100,2
MESSAGE-GLOBIOM 1.0,EMF33_1.5C_full,2
MESSAGE-GLOBIOM 1.0,EMF33_Baseline,2
MESSAGE-GLOBIOM 1.0,EMF33_Med2C_cost100,2
MESSAGE-GLOBIOM 1.0,EMF33_Med2C_full,2
MESSAGE-GLOBIOM 1.0,EMF33_Med2C_limbio,2
MESSAGE-GLOBIOM 1.0,EMF33_Med2C_nobeccs,2
MESSAGE-GLOBIOM 1.0,EMF33_Med2C_nofuel,2
MESSAGE-GLOBIOM 1.0,EMF33_Med2C_none,2
MESSAGE-GLOBIOM 1.0,EMF33_WB2C_cost100,2
MESSAGE-GLOBIOM 1.0,EMF33_WB2C_full,2
MESSAGE-GLOBIOM 1.0,EMF33_WB2C_limbio,2
MESSAGE-GLOBIOM 1.0,EMF33_WB2C_nofuel,2
MESSAGE-GLOBIOM 1.0,EMF33_tax_hi_full,2
MESSAGE-GLOBIOM 1.0,EMF33_tax_hi_none,2
MESSAGE-GLOBIOM 1.0,EMF33_tax_lo_full,2
MESSAGE-GLOBIOM 1.0,EMF33_tax_lo_none,2
MESSAGE-GLOBIOM 1.0,SSP1-19,1
MESSAGE-GLOBIOM 1.0,SSP1-26,1
MESSAGE-GLOBIOM 1.0,SSP1-34,1
MESSAGE-GLOBIOM 1.0,SSP1-45,1
MESSAGE-GLOBIOM 1.0,SSP1-Baseline,1
MESSAGE-GLOBIOM 1.0,SSP2-19,2
MESSAGE-GLOBIOM 1.0,SSP2-26,2
MESSAGE-GLOBIOM 1.0,SSP2-34,2
MESSAGE-GLOBIOM 1.0,SSP2-45,2
MESSAGE-GLOBIOM 1.0,SSP2-60,2
MESSAGE-GLOBIOM 1.0,SSP2-Baseline,2
MESSAGE-GLOBIOM 1.0,SSP3-34,3
MESSAGE-GLOBIOM 1.0,SSP3-45,3
MESSAGE-GLOBIOM 1.0,SSP3-60,3
MESSAGE-GLOBIOM 1.0,SSP3-Baseline,3
MESSAGE-Transport V.5,ADVANCE_WP2_TRA-450-FullTech,
MESSAGE-Transport V.5,ADVANCE_WP2_TRA-Base-FullTech,
MESSAGE-Transport V.5,ADVANCE_WP2_TRA-Ctax-FullTech,
MESSAGEix-GLOBIOM 1.0,CD-LINKS_INDC2030i_1600,2
MESSAGEix-GLOBIOM 1.0,CD-LINKS_INDCi,2
MESSAGEix-GLOBIOM 1.0,CD-LINKS_NDC2030i_1000,2
MESSAGEix-GLOBIOM 1.0,CD-LINKS_NPi,2
MESSAGEix-GLOBIOM 1.0,CD-LINKS_NPi2020_1000,2
MESSAGEix-GLOBIOM 1.0,CD-LINKS_NPi2020_1600,2
MESSAGEix-GLOBIOM 1.0,CD-LINKS_NPi2020_400,2
MESSAGEix-GLOBIOM 1.0,CD-LINKS_NoPolicy,2
MESSAGEix-GLOBIOM 1.0,LowEnergyDemand_1.3_IPCC,2
MESSAGEix-GLOBIOM_1.0,CO_2Deg2020,2
MESSAGEix-GLOBIOM_1.0,CO_2Deg2030,2
MESSAGEix-GLOBIOM_1.0,CO_BAU,2
MESSAGEix-GLOBIOM_1.0,CO_Bridge,2
MESSAGEix-GLOBIOM_1.0,CO_CurPol,2
MESSAGEix-GLOBIOM_1.0,CO_GPP,2
MESSAGEix-GLOBIOM_1.0,CO_NDC_2050convergence,2
MESSAGEix-GLOBIOM_1.0,CO_NDCplus,2
MESSAGEix-GLOBIOM_1.1,EN_INDCi2030_1000,2
MESSAGEix-GLOBIOM_1.1,EN_INDCi2030_1000_COV,2
MESSAGEix-GLOBIOM_1.1,EN_INDCi2030_1000_COV_NDCp,2
MESSAGEix-GLOBIOM_1.1,EN_INDCi2030_1000_NDCp,2
MESSAGEix-GLOBIOM_1.1,EN_INDCi2030_1000f,2
MESSAGEix-GLOBIOM_1.1,EN_INDCi2030_1000f_COV,2
MESSAGEix-GLOBIOM_1.1,EN_INDCi2030_1000f_COV_NDCp,2
MESSAGEix-GLOBIOM_1.1,EN_INDCi2030_1000f_NDCp,2
MESSAGEix-GLOBIOM_1.1,EN_INDCi2030_1200,2
MESSAGEix-GLOBIOM_1.1,EN_INDCi2030_1200_COV,2
MESSAGEix-GLOBIOM_1.1,EN_INDCi2030_1200_COV_NDCp,2
MESSAGEix-GLOBIOM_1.1,EN_INDCi2030_1200_NDCp,2
MESSAGEix-GLOBIOM_1.1,EN_INDCi2030_1200f,2
MESSAGEix-GLOBIOM_1.1,EN_INDCi2030_1200f_COV,2
MESSAGEix-GLOBIOM_1.1,EN_INDCi2030_1200f_COV_NDCp,2
MESSAGEix-GLOBIOM_1.1,EN_INDCi2030_1200f_NDCp,2
MESSAGEix-GLOBIOM_1.1,EN_INDCi2030_1400,2
MESSAGEix-GLOBIOM_1.1,EN_INDCi2030_1400_COV,2
MESSAGEix-GLOBIOM_1.1,EN_INDCi2030_1400_COV_NDCp,2
MESSAGEix-GLOBIOM_1.1,EN_INDCi2030_1400_NDCp,2
MESSAGEix-GLOBIOM_1.1,EN_INDCi2030_1400f,2
MESSAGEix-GLOBIOM_1.1,EN_INDCi2030_1400f_COV,2
MESSAGEix-GLOBIOM_1.1,EN_INDCi2030_1400f_COV_NDCp,2
MESSAGEix-GLOBIOM_1.1,EN_INDCi2030_1400f_NDCp,2
MESSAGEix-GLOBIOM_1.1,EN_INDCi2030_1600,2
MESSAGEix-GLOBIOM_1.1,EN_INDCi2030_1600_COV,2
MESSAGEix-GLOBIOM_1.1,EN_INDCi2030_1600_COV_NDCp,2
MESSAGEix-GLOBIOM_1.1,EN_INDCi2030_1600_NDCp,2
MESSAGEix-GLOBIOM_1.1,EN_INDCi2030_1600f,2
MESSAGEix-GLOBIOM_1.1,EN_INDCi2030_1600f_COV,2
MESSAGEix-GLOBIOM_1.1,EN_INDCi2030_1600f_COV_NDCp,2
MESSAGEix-GLOBIOM_1.1,EN_INDCi2030_1600f_NDCp,2
MESSAGEix-GLOBIOM_1.1,EN_INDCi2030_1800,2
MESSAGEix-GLOBIOM_1.1,EN_INDCi2030_1800_COV,2
MESSAGEix-GLOBIOM_1.1,EN_INDCi2030_1800_COV_NDCp,2
MESSAGEix-GLOBIOM_1.1,EN_INDCi2030_1800_NDCp,2
MESSAGEix-GLOBIOM_1.1,EN_INDCi2030_1800f,2
MESSAGEix-GLOBIOM_1.1,EN_INDCi2030_1800f_COV,2
MESSAGEix-GLOBIOM_1.1,EN_INDCi2030_1800f_COV_NDCp,2
MESSAGEix-GLOBIOM_1.1,EN_INDCi2030_1800f_NDCp,2
MESSAGEix-GLOBIOM_1.1,EN_INDCi2030_2000,2
MESSAGEix-GLOBIOM_1.1,EN_INDCi2030_2000_COV,2
MESSAGEix-GLOBIOM_1.1,EN_INDCi2030_2000_COV_NDCp,2
MESSAGEix-GLOBIOM_1.1,EN_INDCi2030_2000_NDCp,2
MESSAGEix-GLOBIOM_1.1,EN_INDCi2030_2000f,2
MESSAGEix-GLOBIOM_1.1,EN_INDCi2030_2000f_COV,2
MESSAGEix-GLOBIOM_1.1,EN_INDCi2030_2000f_COV_NDCp,2
MESSAGEix-GLOBIOM_1.1,EN_INDCi2030_2000f_NDCp,2
MESSAGEix-GLOBIOM_1.1,EN_INDCi2030_2500,2
MESSAGEix-GLOBIOM_1.1,EN_INDCi2030_2500_COV,2
MESSAGEix-GLOBIOM_1.1,EN_INDCi2030_2500_COV_NDCp,2
MESSAGEix-GLOBIOM_1.1,EN_INDCi2030_2500_NDCp,2
MESSAGEix-GLOBIOM_1.1,EN_INDCi2030_2500f,2
MESSAGEix-GLOBIOM_1.1,EN_INDCi2030_2500f_COV,2
MESSAGEix-GLOBIOM_1.1,EN_INDCi2030_2500f_COV_NDCp,2
MESSAGEix-GLOBIOM_1.1,EN_INDCi2030_2500f_NDCp,2
MESSAGEix-GLOBIOM_1.1,EN_INDCi2030_3000,2
MESSAGEix-GLOBIOM_1.1,EN_INDCi2030_3000_COV,2
MESSAGEix-GLOBIOM_1.1,EN_INDCi2030_3000_COV_NDCp,2
MESSAGEix-GLOBIOM_1.1,EN_INDCi2030_3000_NDCp,2
MESSAGEix-GLOBIOM_1.1,EN_INDCi2030_3000f,2
MESSAGEix-GLOBIOM_1.1,EN_INDCi2030_3000f_COV,2
MESSAGEix-GLOBIOM_1.1,EN_INDCi2030_3000f_COV_NDCp,2
MESSAGEix-GLOBIOM_1.1,EN_INDCi2030_3000f_NDCp,2
MESSAGEix-GLOBIOM_1.1,EN_INDCi2030_600f_COV,2
MESSAGEix-GLOBIOM_1.1,EN_INDCi2030_600f_COV_NDCp,2
MESSAGEix-GLOBIOM_1.1,EN_INDCi2030_700f,2
MESSAGEix-GLOBIOM_1.1,EN_INDCi2030_700f_COV,2
MESSAGEix-GLOBIOM_1.1,EN_INDCi2030_700f_COV_NDCp,2
MESSAGEix-GLOBIOM_1.1,EN_INDCi2030_700f_NDCp,2
MESSAGEix-GLOBIOM_1.1,EN_INDCi2030_800f,2
MESSAGEix-GLOBIOM_1.1,EN_INDCi2030_800f_COV,2
MESSAGEix-GLOBIOM_1.1,EN_INDCi2030_800f_COV_NDCp,2
MESSAGEix-GLOBIOM_1.1,EN_INDCi2030_800f_NDCp,2
MESSAGEix-GLOBIOM_1.1,EN_INDCi2030_900f,2
MESSAGEix-GLOBIOM_1.1,EN_INDCi2030_900f_COV,2
MESSAGEix-GLOBIOM_1.1,EN_INDCi2030_900f_COV_NDCp,2
MESSAGEix-GLOBIOM_1.1,EN_INDCi2030_900f_NDCp,2
MESSAGEix-GLOBIOM_1.1,EN_INDCi2030_950_COV,2
MESSAGEix-GLOBIOM_1.1,EN_INDCi2030_950_COV_NDCp,2
MESSAGEix-GLOBIOM_1.1,EN_INDCi2030_950f_COV,2
MESSAGEix-GLOBIOM_1.1,EN_INDCi2030_950f_COV_NDCp,2
MESSAGEix-GLOBIOM_1.1,EN_INDCi2100,2
MESSAGEix-GLOBIOM_1.1,EN_INDCi2100_COV,2
MESSAGEix-GLOBIOM_1.1,EN_INDCi2100_COV_NDCp,2
MESSAGEix-GLOBIOM_1.1,EN_INDCi2100_NDCp,2
MESSAGEix-GLOBIOM_1.1,EN_NPi2020_1000,2
MESSAGEix-GLOBIOM_1.1,EN_NPi2020_1000_COV,2
MESSAGEix-GLOBIOM_1.1,EN_NPi2020_1000_DR10p,2
MESSAGEix-GLOBIOM_1.1,EN_NPi2020_1000_DR1p,2
MESSAGEix-GLOBIOM_1.1,EN_NPi2020_1000_DR2p,2
MESSAGEix-GLOBIOM_1.1,EN_NPi2020_1000_DR3p,2
MESSAGEix-GLOBIOM_1.1,EN_NPi2020_1000_DR4p,2
MESSAGEix-GLOBIOM_1.1,EN_NPi2020_1000f,2
MESSAGEix-GLOBIOM_1.1,EN_NPi2020_1000f_COV,2
MESSAGEix-GLOBIOM_1.1,EN_NPi2020_1000f_DR10p,2
MESSAGEix-GLOBIOM_1.1,EN_NPi2020_1000f_DR1p,2
MESSAGEix-GLOBIOM_1.1,EN_NPi2020_1000f_DR2p,2
MESSAGEix-GLOBIOM_1.1,EN_NPi2020_1000f_DR3p,2
MESSAGEix-GLOBIOM_1.1,EN_NPi2020_1000f_DR4p,2
MESSAGEix-GLOBIOM_1.1,EN_NPi2020_1200,2
MESSAGEix-GLOBIOM_1.1,EN_NPi2020_1200_COV,2
MESSAGEix-GLOBIOM_1.1,EN_NPi2020_1200f,2
MESSAGEix-GLOBIOM_1.1,EN_NPi2020_1200f_COV,2
MESSAGEix-GLOBIOM_1.1,EN_NPi2020_1400,2
MESSAGEix-GLOBIOM_1.1,EN_NPi2020_1400_COV,2
MESSAGEix-GLOBIOM_1.1,EN_NPi2020_1400f,2
MESSAGEix-GLOBIOM_1.1,EN_NPi2020_1400f_COV,2
MESSAGEix-GLOBIOM_1.1,EN_NPi2020_1600,2
MESSAGEix-GLOBIOM_1.1,EN_NPi2020_1600_COV,2
MESSAGEix-GLOBIOM_1.1,EN_NPi2020_1600f,2
MESSAGEix-GLOBIOM_1.1,EN_NPi2020_1600f_COV,2
MESSAGEix-GLOBIOM_1.1,EN_NPi2020_1800,2
MESSAGEix-GLOBIOM_1.1,EN_NPi2020_1800_COV,2
MESSAGEix-GLOBIOM_1.1,EN_NPi2020_1800f,2
MESSAGEix-GLOBIOM_1.1,EN_NPi2020_1800f_COV,2
MESSAGEix-GLOBIOM_1.1,EN_NPi2020_2000,2
MESSAGEix-GLOBIOM_1.1,EN_NPi2020_2000_COV,2
MESSAGEix-GLOBIOM_1.1,EN_NPi2020_2000f,2
MESSAGEix-GLOBIOM_1.1,EN_NPi2020_2000f_COV,2
MESSAGEix-GLOBIOM_1.1,EN_NPi2020_200f,2
MESSAGEix-GLOBIOM_1.1,EN_NPi2020_2500,2
MESSAGEix-GLOBIOM_1.1,EN_NPi2020_2500_COV,2
MESSAGEix-GLOBIOM_1.1,EN_NPi2020_2500f,2
MESSAGEix-GLOBIOM_1.1,EN_NPi2020_2500f_COV,2
MESSAGEix-GLOBIOM_1.1,EN_NPi2020_3000,2
MESSAGEix-GLOBIOM_1.1,EN_NPi2020_3000_COV,2
MESSAGEix-GLOBIOM_1.1,EN_NPi2020_3000f,2
MESSAGEix-GLOBIOM_1.1,EN_NPi2020_3000f_COV,2
MESSAGEix-GLOBIOM_1.1,EN_NPi2020_300f,2
MESSAGEix-GLOBIOM_1.1,EN_NPi2020_400f,2
MESSAGEix-GLOBIOM_1.1,EN_NPi2020_450,2
MESSAGEix-GLOBIOM_1.1,EN_NPi2020_450f,2
MESSAGEix-GLOBIOM_1.1,EN_NPi2020_500,2
MESSAGEix-GLOBIOM_1.1,EN_NPi2020_500f,2
MESSAGEix-GLOBIOM_1.1,EN_NPi2020_600,2
MESSAGEix-GLOBIOM_1.1,EN_NPi2020_600_COV,2
MESSAGEix-GLOBIOM_1.1,EN_NPi2020_600_DR10p,2
MESSAGEix-GLOBIOM_1.1,EN_NPi2020_600_DR1p,2
MESSAGEix-GLOBIOM_1.1,EN_NPi2020_600_DR2p,2
MESSAGEix-GLOBIOM_1.1,EN_NPi2020_600_DR3p,2
MESSAGEix-GLOBIOM_1.1,EN_NPi2020_600_DR4p,2
MESSAGEix-GLOBIOM_1.1,EN_NPi2020_600f,2
MESSAGEix-GLOBIOM_1.1,EN_NPi2020_600f_COV,2
MESSAGEix-GLOBIOM_1.1,EN_NPi2020_600f_DR10p,2
MESSAGEix-GLOBIOM_1.1,EN_NPi2020_600f_DR1p,2
MESSAGEix-GLOBIOM_1.1,EN_NPi2020_600f_DR2p,2
MESSAGEix-GLOBIOM_1.1,EN_NPi2020_600f_DR3p,2
MESSAGEix-GLOBIOM_1.1,EN_NPi2020_600f_DR4p,2
MESSAGEix-GLOBIOM_1.1,EN_NPi2020_700,2
MESSAGEix-GLOBIOM_1.1,EN_NPi2020_700_COV,2
MESSAGEix-GLOBIOM_1.1,EN_NPi2020_700f,2
MESSAGEix-GLOBIOM_1.1,EN_NPi2020_700f_COV,2
MESSAGEix-GLOBIOM_1.1,EN_NPi2020_800,2
MESSAGEix-GLOBIOM_1.1,EN_NPi2020_800_COV,2
MESSAGEix-GLOBIOM_1.1,EN_NPi2020_800f,2
MESSAGEix-GLOBIOM_1.1,EN_NPi2020_800f_COV,2
MESSAGEix-GLOBIOM_1.1,EN_NPi2020_900,2
MESSAGEix-GLOBIOM_1.1,EN_NPi2020_900_COV,2
MESSAGEix-GLOBIOM_1.1,EN_NPi2020_900f,2
MESSAGEix-GLOBIOM_1.1,EN_NPi2020_900f_COV,2
MESSAGEix-GLOBIOM_1.1,EN_NPi2100,2
MESSAGEix-GLOBIOM_1.1,EN_NPi2100_COV,2
MESSAGEix-GLOBIOM_1.1,EN_NoPolicy,2
MESSAGEix-GLOBIOM_1.1,NGFS2_Below 2°C,2
MESSAGEix-GLOBIOM_1.1,NGFS2_Current Policies,2
MESSAGEix-GLOBIOM_1.1,NGFS2_Delayed Transition,2
MESSAGEix-GLOBIOM_1.1,NGFS2_Divergent Net Zero Policies,2
MESSAGEix-GLOBIOM_1.1,NGFS2_Nationally Determined Contributions (NDCs),2
MESSAGEix-GLOBIOM_1.1,NGFS2_Net-Zero 2050,2
MESSAGEix-GLOBIOM_1.2,COV_GreenPush,2
MESSAGEix-GLOBIOM_1.2,COV_GreenPush_1000,2
MESSAGEix-GLOBIOM_1.2,COV_GreenPush_550,2
MESSAGEix-GLOBIOM_1.2,COV_GreenPush_max_GDP,2
MESSAGEix-GLOBIOM_1.2,COV_GreenPush_min_GDP,2
MESSAGEix-GLOBIOM_1.2,COV_NoPolicyNoCOVID,2
MESSAGEix-GLOBIOM_1.2,COV_NoPolicyNoCOVID_1000,2
MESSAGEix-GLOBIOM_1.2,COV_NoPolicyNoCOVID_550,2
MESSAGEix-GLOBIOM_1.2,COV_Restore,2
MESSAGEix-GLOBIOM_1.2,COV_Restore_1000,2
MESSAGEix-GLOBIOM_1.2,COV_Restore_550,2
MESSAGEix-GLOBIOM_1.2,COV_SelfReliance,2
MESSAGEix-GLOBIOM_1.2,COV_SelfReliance_1000,2
MESSAGEix-GLOBIOM_1.2,COV_SelfReliance_550,2
MESSAGEix-GLOBIOM_1.2,COV_SelfReliance_max_GDP,2
MESSAGEix-GLOBIOM_1.2,COV_SelfReliance_min_GDP,2
MESSAGEix-GLOBIOM_1.2,COV_SmartUse,2
MESSAGEix-GLOBIOM_1.2,COV_SmartUse_1000,2
MESSAGEix-GLOBIOM_1.2,COV_SmartUse_550,2
MESSAGEix-GLOBIOM_GEI 1.0,SSP2_int_lc_15,2
MESSAGEix-GLOBIOM_GEI 1.0,SSP2_int_lc_50,2
MESSAGEix-GLOBIOM_GEI 1.0,SSP2_int_mc_15,2
MESSAGEix-GLOBIOM_GEI 1.0,SSP2_int_mc_50,2
MESSAGEix-GLOBIOM_GEI 1.0,SSP2_noint_lc_15,2
MESSAGEix-GLOBIOM_GEI 1.0,SSP2_noint_lc_50,2
MESSAGEix-GLOBIOM_GEI 1.0,SSP2_noint_mc_15,2
MESSAGEix-GLOBIOM_GEI 1.0,SSP2_noint_mc_50,2
MESSAGEix-GLOBIOM_GEI 1.0,SSP2_openres_lc_100,2
MESSAGEix-GLOBIOM_GEI 1.0,SSP2_openres_lc_120,2
MESSAGEix-GLOBIOM_GEI 1.0,SSP2_openres_lc_15,2
MESSAGEix-GLOBIOM_GEI 1.0,SSP2_openres_lc_50,2
MESSAGEix-GLOBIOM_GEI 1.0,SSP2_openres_lc_80,2
MESSAGEix-GLOBIOM_GEI 1.0,SSP2_openres_lc_CB400,2
MESSAGEix-GLOBIOM_GEI 1.0,SSP2_openres_lc_CB450,2
MESSAGEix-GLOBIOM_GEI 1.0,SSP2_openres_lc_CB500,2
MESSAGEix-GLOBIOM_GEI 1.0,SSP2_openres_lc_CB550,2
MESSAGEix-GLOBIOM_GEI 1.0,SSP2_openres_lc_CB600,2
MESSAGEix-GLOBIOM_GEI 1.0,SSP2_openres_mc_15,2
MESSAGEix-GLOBIOM_GEI 1.0,SSP2_openres_mc_50,2
MIGRATION 1.0,SSP1-1.9_zeromig,1
MIGRATION 1.0,SSP1_zeromig,1
MIGRATION 1.0,SSP2-4.5_zeromig,2
MIGRATION 1.0,SSP2_zeromig,2
MIGRATION 1.0,SSP3-7.0_zeromig,3
MIGRATION 1.0,SSP3_zeromig,3
MIGRATION 1.0,SSP4-6.0_zeromig,4
MIGRATION 1.0,SSP4_zeromig,4
MIGRATION 1.0,SSP5-8.5_zeromig,5
MIGRATION 1.0,SSP5_zeromig,5
MUSE 1.0,CSH,2
MUSE 1.0,PCSH,2
MUSE 1.0,PR_Baseline,2
MUSE 1.0,PR_CP_Intensity,2
MUSE 1.0,PR_CP_Price,2
MUSE 1.0,PR_CP_PriceOnly,2
MUSE 1.0,PR_NDC_Intensity,2
MUSE 1.0,PR_NDC_Price,2
MUSE 1.0,PR_NDC_PriceOnly,2
MUSE 1.0,R,2
MUSE 1.0,SH,2
McKinsey 1.0,1.5C A,2
McKinsey 1.0,1.5C B,2
McKinsey 1.0,1.5C C,2
POLES ADVANCE,ADVANCE_2020_1.5C-2100,2
POLES ADVANCE,ADVANCE_2020_Med2C,2
POLES ADVANCE,ADVANCE_2020_WB2C,2
POLES ADVANCE,ADVANCE_2030_1.5C-2100,2
POLES ADVANCE,ADVANCE_2030_Med2C,2
POLES ADVANCE,ADVANCE_2030_Price1.5C,2
POLES ADVANCE,ADVANCE_2030_WB2C,2
POLES ADVANCE,ADVANCE_INDC,2
POLES ADVANCE,ADVANCE_NoPolicy,2
POLES ADVANCE,ADVANCE_Reference,2
POLES CD-LINKS,CD-LINKS_INDC2030i_1600,2
POLES CD-LINKS,CD-LINKS_INDC2030i_400,2
POLES CD-LINKS,CD-LINKS_INDCi,2
POLES CD-LINKS,CD-LINKS_NDC2030i_1000,2
POLES CD-LINKS,CD-LINKS_NPi,2
POLES CD-LINKS,CD-LINKS_NPi2020_1000,2
POLES CD-LINKS,CD-LINKS_NPi2020_1600,2
POLES CD-LINKS,CD-LINKS_NPi2020_400,2
POLES CD-LINKS,CD-LINKS_NoPolicy,2
POLES EMF30,EMF30_BCOC-EndU,2
POLES EMF30,EMF30_Baseline,2
POLES EMF30,EMF30_CH4-Only,2
POLES EMF30,EMF30_ClimPolicy,2
POLES EMF30,EMF30_ClimPolicy+SLCF,2
POLES EMF30,EMF30_D_BCOC-Red,2
POLES EMF30,EMF30_D_CH4-ClimPolicy,2
POLES EMF30,EMF30_D_CO2-Only,2
POLES EMF30,EMF30_D_Frozen-CH4,2
POLES EMF30,EMF30_D_Frozen-EF,2
POLES EMF30,EMF30_D_Frozen-EF-EndU,2
POLES EMF30,EMF30_D_Frozen-EF-SLCF,2
POLES EMF30,EMF30_SLCF,2
POLES EMF30,EMF30_Slower-Action,2
POLES EMF30,EMF30_Slower-Action+SLCF,2
POLES EMF30,EMF30_Slower-to-faster,2
POLES EMF30,EMF30_Slower-to-faster+SLCF,2
POLES EMF30,EMF30_Slower-to-faster+SLCF+HFC,2
POLES EMF33,EMF33_1.5C_cost100,2
POLES EMF33,EMF33_1.5C_full,2
POLES EMF33,EMF33_1.5C_limbio,2
POLES EMF33,EMF33_1.5C_nofuel,2
POLES EMF33,EMF33_Baseline,2
POLES EMF33,EMF33_Med2C_cost100,2
POLES EMF33,EMF33_Med2C_full,2
POLES EMF33,EMF33_Med2C_limbio,2
POLES EMF33,EMF33_Med2C_nobeccs,2
POLES EMF33,EMF33_Med2C_nofuel,2
POLES EMF33,EMF33_Med2C_none,2
POLES EMF33,EMF33_WB2C_cost100,2
POLES EMF33,EMF33_WB2C_full,2
POLES EMF33,EMF33_WB2C_limbio,2
POLES EMF33,EMF33_WB2C_nobeccs,2
POLES EMF33,EMF33_WB2C_nofuel,2
POLES EMF33,EMF33_WB2C_none,2
POLES EMF33,EMF33_tax_hi_full,2
POLES EMF33,EMF33_tax_hi_none,2
POLES EMF33,EMF33_tax_lo_full,2
POLES EMF33,EMF33_tax_lo_none,2
POLES ENGAGE,EN_INDCi2030_1000,2
POLES ENGAGE,EN_INDCi2030_1000_COV,2
POLES ENGAGE,EN_INDCi2030_1000_COV_NDCp,2
POLES ENGAGE,EN_INDCi2030_1000_NDCp,2
POLES ENGAGE,EN_INDCi2030_1000f,2
POLES ENGAGE,EN_INDCi2030_1000f_COV,2
POLES ENGAGE,EN_INDCi2030_1000f_COV_NDCp,2
POLES ENGAGE,EN_INDCi2030_1000f_NDCp,2
POLES ENGAGE,EN_INDCi2030_1200,2
POLES ENGAGE,EN_INDCi2030_1200f,2
POLES ENGAGE,EN_INDCi2030_1400,2
POLES ENGAGE,EN_INDCi2030_1400f,2
POLES ENGAGE,EN_INDCi2030_1600,2
POLES ENGAGE,EN_INDCi2030_1600f,2
POLES ENGAGE,EN_INDCi2030_1800,2
POLES ENGAGE,EN_INDCi2030_1800f,2
POLES ENGAGE,EN_INDCi2030_2000,2
POLES ENGAGE,EN_INDCi2030_2000f,2
POLES ENGAGE,EN_INDCi2030_2500,2
POLES ENGAGE,EN_INDCi2030_2500f,2
POLES ENGAGE,EN_INDCi2030_3000,2
POLES ENGAGE,EN_INDCi2030_3000f,2
POLES ENGAGE,EN_INDCi2030_300f,2
POLES ENGAGE,EN_INDCi2030_400f,2
POLES ENGAGE,EN_INDCi2030_500f,2
POLES ENGAGE,EN_INDCi2030_600f,2
POLES ENGAGE,EN_INDCi2030_600f_COV,2
POLES ENGAGE,EN_INDCi2030_600f_COV_NDCp,2
POLES ENGAGE,EN_INDCi2030_600f_NDCp,2
POLES ENGAGE,EN_INDCi2030_700f,2
POLES ENGAGE,EN_INDCi2030_800f,2
POLES ENGAGE,EN_INDCi2030_900,2
POLES ENGAGE,EN_INDCi2030_900f,2
POLES ENGAGE,EN_INDCi2100,2
POLES ENGAGE,EN_INDCi2100_COV,2
POLES ENGAGE,EN_INDCi2100_COV_NDCp,2
POLES ENGAGE,EN_INDCi2100_NDCp,2
POLES ENGAGE,EN_NPi2020_1000,2
POLES ENGAGE,EN_NPi2020_1000_COV,2
POLES ENGAGE,EN_NPi2020_1000f,2
POLES ENGAGE,EN_NPi2020_1000f_COV,2
POLES ENGAGE,EN_NPi2020_1200,2
POLES ENGAGE,EN_NPi2020_1200f,2
POLES ENGAGE,EN_NPi2020_1400,2
POLES ENGAGE,EN_NPi2020_1400f,2
POLES ENGAGE,EN_NPi2020_1600,2
POLES ENGAGE,EN_NPi2020_1600f,2
POLES ENGAGE,EN_NPi2020_1800,2
POLES ENGAGE,EN_NPi2020_1800f,2
POLES ENGAGE,EN_NPi2020_2000,2
POLES ENGAGE,EN_NPi2020_2000f,2
POLES ENGAGE,EN_NPi2020_2500,2
POLES ENGAGE,EN_NPi2020_2500f,2
POLES ENGAGE,EN_NPi2020_3000,2
POLES ENGAGE,EN_NPi2020_3000f,2
POLES ENGAGE,EN_NPi2020_300f,2
POLES ENGAGE,EN_NPi2020_400f,2
POLES ENGAGE,EN_NPi2020_500,2
POLES ENGAGE,EN_NPi2020_500f,2
POLES ENGAGE,EN_NPi2020_600,2
POLES ENGAGE,EN_NPi2020_600f,2
POLES ENGAGE,EN_NPi2020_600f_COV,2
POLES ENGAGE,EN_NPi2020_700,2
POLES ENGAGE,EN_NPi2020_700f,2
POLES ENGAGE,EN_NPi2020_800,2
POLES ENGAGE,EN_NPi2020_800f,2
POLES ENGAGE,EN_NPi2020_900,2
POLES ENGAGE,EN_NPi2020_900f,2
POLES ENGAGE,EN_NPi2100,2
POLES ENGAGE,EN_NPi2100_COV,2
POLES GECO2019,CO_2Deg2020,2
POLES GECO2019,CO_2Deg2030,2
POLES GECO2019,CO_BAU,2
POLES GECO2019,CO_Bridge,2
POLES GECO2019,CO_Bridge_notax,2
POLES GECO2019,CO_CurPol,2
POLES GECO2019,CO_GPP,2
POLES GECO2019,CO_GPP_notax,2
POLES GECO2019,CO_NDC_2050convergence,2
POLES GECO2019,CO_NDCplus,2
PROMETHEUS 1.0,CO_2Deg2020,2
PROMETHEUS 1.0,CO_2Deg2030,2
PROMETHEUS 1.0,CO_BAU,2
PROMETHEUS 1.0,CO_Bridge,2
PROMETHEUS 1.0,CO_CurPol,2
PROMETHEUS 1.0,CO_GPP,2
PROMETHEUS 1.0,CO_NDCplus,2
REMIND 1.6,EMF30_BCOC-EndU,2
REMIND 1.6,EMF30_Baseline,2
REMIND 1.6,EMF30_CH4-Only,2
REMIND 1.6,EMF30_ClimPolicy,2
REMIND 1.6,EMF30_ClimPolicy+SLCF,2
REMIND 1.6,EMF30_D_BCOC-Red,2
REMIND 1.6,EMF30_D_CH4-ClimPolicy,2
REMIND 1.6,EMF30_D_CO2-Only,2
REMIND 1.6,EMF30_D_Frozen-CH4,2
REMIND 1.6,EMF30_D_Frozen-EF,2
REMIND 1.6,EMF30_D_Frozen-EF-EndU,2
REMIND 1.6,EMF30_D_Frozen-EF-SLCF,2
REMIND 1.6,EMF30_SLCF,2
REMIND 1.6,EMF30_Slower-Action,2
REMIND 1.6,EMF30_Slower-Action+SLCF,2
REMIND 1.6,EMF30_Slower-to-faster,2
REMIND 1.6,EMF30_Slower-to-faster+SLCF,2
REMIND 1.6,EMF30_Slower-to-faster+SLCF+HFC,2
REMIND 1.7,ADVANCE_2020_1.5C-2100,2
REMIND 1.7,ADVANCE_2020_Med2C,2
REMIND 1.7,ADVANCE_2020_WB2C,2
REMIND 1.7,ADVANCE_2030_1.5C-2100,2
REMIND 1.7,ADVANCE_2030_Med2C,2
REMIND 1.7,ADVANCE_2030_Price1.5C,2
REMIND 1.7,ADVANCE_2030_WB2C,2
REMIND 1.7,ADVANCE_INDC,2
REMIND 1.7,ADVANCE_NoPolicy,2
REMIND 1.7,ADVANCE_Reference,2
REMIND 1.7,CEMICS-1.5-CDR12,2
REMIND 1.7,CEMICS-1.5-CDR20,2
REMIND 1.7,CEMICS-1.5-CDR8,2
REMIND 1.7,CEMICS-2.0-CDR12,2
REMIND 1.7,CEMICS-2.0-CDR20,2
REMIND 1.7,CEMICS-2.0-CDR8,2
REMIND 1.7,CEMICS-Ref,2
REMIND 2.1,CEMICS_GDPgrowth_1p5,2
REMIND 2.1,CEMICS_GDPgrowth_2C,2
REMIND 2.1,CEMICS_HotellingConst_1p5,2
REMIND 2.1,CEMICS_HotellingConst_2C,2
REMIND 2.1,CEMICS_Linear_1p5,2
REMIND 2.1,CEMICS_Linear_2C,2
REMIND 2.1,CEMICS_NPI,2
REMIND 2.1,CEMICS_opt_1p5,2
REMIND 2.1,CEMICS_opt_2C,2
REMIND 2.1,LeastTotalCost_Base_brkLR15_SSP1_P50,1
REMIND 2.1,LeastTotalCost_Base_brkLR15_SSP2_P50,2
REMIND 2.1,LeastTotalCost_Base_brkLR15_SSP5_P50,5
REMIND 2.1,LeastTotalCost_Base_brkSR15_SSP1_P50,1
REMIND 2.1,LeastTotalCost_Base_brkSR15_SSP2_P50,2
REMIND 2.1,LeastTotalCost_Base_brkSR15_SSP5_P50,5
REMIND 2.1,LeastTotalCost_CBA_brkLR15_SSP2_P50,2
REMIND 2.1,LeastTotalCost_CBA_brkSR15_SSP2_P50,2
REMIND 2.1,LeastTotalCost_CEA_brkLR15_SSP2_P50,2
REMIND 2.1,LeastTotalCost_CEA_brkSR15_SSP2_P50,2
REMIND 2.1,LeastTotalCost_LTC_brkLR15_SSP1_P50,1
REMIND 2.1,LeastTotalCost_LTC_brkLR15_SSP2_P50,2
REMIND 2.1,LeastTotalCost_LTC_brkLR15_SSP5_P50,5
REMIND 2.1,LeastTotalCost_LTC_brkSR15_SSP1_P50,1
REMIND 2.1,LeastTotalCost_LTC_brkSR15_SSP2_P50,2
REMIND 2.1,LeastTotalCost_LTC_brkSR15_SSP5_P50,5
REMIND 2.1,LeastTotalCost_NDC_brkLR15_SSP2_P50,2
REMIND 2.1,LeastTotalCost_NDC_brkSR15_SSP2_P50,2
REMIND 2.1,LeastTotalCost_NPi_brkLR15_SSP1_P50,1
REMIND 2.1,LeastTotalCost_NPi_brkLR15_SSP2_P50,2
REMIND 2.1,LeastTotalCost_NPi_brkLR15_SSP5_P50,5
REMIND 2.1,LeastTotalCost_NPi_brkSR15_SSP1_P50,1
REMIND 2.1,LeastTotalCost_NPi_brkSR15_SSP2_P50,2
REMIND 2.1,LeastTotalCost_NPi_brkSR15_SSP5_P50,5
REMIND 2.1,R2p1_SSP1-Base,1
REMIND 2.1,R2p1_SSP1-NDC,1
REMIND 2.1,R2p1_SSP1-NPi,1
REMIND 2.1,R2p1_SSP1-PkBudg1100,1
REMIND 2.1,R2p1_SSP1-PkBudg1300,1
REMIND 2.1,R2p1_SSP1-PkBudg900,1
REMIND 2.1,R2p1_SSP2-Base,2
REMIND 2.1,R2p1_SSP2-NDC,2
REMIND 2.1,R2p1_SSP2-NPi,2
REMIND 2.1,R2p1_SSP2-PkBudg1100,2
REMIND 2.1,R2p1_SSP2-PkBudg1300,2
REMIND 2.1,R2p1_SSP2-PkBudg900,2
REMIND 2.1,R2p1_SSP5-Base,5
REMIND 2.1,R2p1_SSP5-NDC,5
REMIND 2.1,R2p1_SSP5-NPi,5
REMIND 2.1,R2p1_SSP5-PkBudg1100,5
REMIND 2.1,R2p1_SSP5-PkBudg1300,5
REMIND 2.1,R2p1_SSP5-PkBudg900,5
REMIND 2.1,TechCost-SSP2-B1100-bioH,2
REMIND 2.1,TechCost-SSP2-B1100-ccsH,2
REMIND 2.1,TechCost-SSP2-B1100-coalH,2
REMIND 2.1,TechCost-SSP2-B1100-elh2H,2
REMIND 2.1,TechCost-SSP2-B1100-gasH,2
REMIND 2.1,TechCost-SSP2-B1100-nucH,2
REMIND 2.1,TechCost-SSP2-B1100-oilH,2
REMIND 2.1,TechCost-SSP2-B1100-spvH,2
REMIND 2.1,TechCost-SSP2-B1100-windH,2
REMIND-Buildings 2.0,BEG-Base,2
REMIND-Buildings 2.0,BEG-Budg600,2
REMIND-Buildings 2.0,BEG-Budg600-EG,2
REMIND-Buildings 2.0,BEG-EG,2
REMIND-H13 2.1,START_BAU,2
REMIND-H13 2.1,START_Current_Policies,2
REMIND-H13 2.1,START_Net-zero,2
REMIND-H13 2.1,START_Net-zero_noLandUse_CDRlim,2
REMIND-H13 2.1,START_Net-zero_noNuc_lowVRE,2
REMIND-MAgPIE 1.5,SSP1-19,1
REMIND-MAgPIE 1.5,SSP1-26,1
REMIND-MAgPIE 1.5,SSP1-34,1
REMIND-MAgPIE 1.5,SSP1-45,1
REMIND-MAgPIE 1.5,SSP1-Baseline,1
REMIND-MAgPIE 1.5,SSP2-19,2
REMIND-MAgPIE 1.5,SSP2-26,2
REMIND-MAgPIE 1.5,SSP2-34,2
REMIND-MAgPIE 1.5,SSP2-45,2
REMIND-MAgPIE 1.5,SSP2-60,2
REMIND-MAgPIE 1.5,SSP2-Baseline,2
REMIND-MAgPIE 1.5,SSP5-19,5
REMIND-MAgPIE 1.5,SSP5-26,5
REMIND-MAgPIE 1.5,SSP5-34,5
REMIND-MAgPIE 1.5,SSP5-45,5
REMIND-MAgPIE 1.5,SSP5-60,5
REMIND-MAgPIE 1.5,SSP5-Baseline,5
REMIND-MAgPIE 1.7-3.0,CD-LINKS_INDC2030i_1000,2
REMIND-MAgPIE 1.7-3.0,CD-LINKS_INDC2030i_1600,2
REMIND-MAgPIE 1.7-3.0,CD-LINKS_INDC2030i_400,2
REMIND-MAgPIE 1.7-3.0,CD-LINKS_INDCi,2
REMIND-MAgPIE 1.7-3.0,CD-LINKS_NDC2030i_1000,2
REMIND-MAgPIE 1.7-3.0,CD-LINKS_NPi,2
REMIND-MAgPIE 1.7-3.0,CD-LINKS_NPi2020_1000,2
REMIND-MAgPIE 1.7-3.0,CD-LINKS_NPi2020_1600,2
REMIND-MAgPIE 1.7-3.0,CD-LINKS_NPi2020_400,2
REMIND-MAgPIE 1.7-3.0,CD-LINKS_NoPolicy,2
REMIND-MAgPIE 1.7-3.0,CO_2Deg2020,2
REMIND-MAgPIE 1.7-3.0,CO_2Deg2030,2
REMIND-MAgPIE 1.7-3.0,CO_BAU,2
REMIND-MAgPIE 1.7-3.0,CO_Bridge,2
REMIND-MAgPIE 1.7-3.0,CO_CurPol,2
REMIND-MAgPIE 1.7-3.0,CO_GPP,2
REMIND-MAgPIE 1.7-3.0,CO_NDCplus,2
REMIND-MAgPIE 1.7-3.0,EMF33_1.5C_cost100,2
REMIND-MAgPIE 1.7-3.0,EMF33_1.5C_full,2
REMIND-MAgPIE 1.7-3.0,EMF33_1.5C_nofuel,2
REMIND-MAgPIE 1.7-3.0,EMF33_Baseline,2
REMIND-MAgPIE 1.7-3.0,EMF33_Med2C_cost100,2
REMIND-MAgPIE 1.7-3.0,EMF33_Med2C_full,2
REMIND-MAgPIE 1.7-3.0,EMF33_Med2C_limbio,2
REMIND-MAgPIE 1.7-3.0,EMF33_Med2C_nobeccs,2
REMIND-MAgPIE 1.7-3.0,EMF33_Med2C_nofuel,2
REMIND-MAgPIE 1.7-3.0,EMF33_Med2C_none,2
REMIND-MAgPIE 1.7-3.0,EMF33_WB2C_cost100,2
REMIND-MAgPIE 1.7-3.0,EMF33_WB2C_full,2
REMIND-MAgPIE 1.7-3.0,EMF33_WB2C_limbio,2
REMIND-MAgPIE 1.7-3.0,EMF33_WB2C_nobeccs,2
REMIND-MAgPIE 1.7-3.0,EMF33_WB2C_nofuel,2
REMIND-MAgPIE 1.7-3.0,EMF33_WB2C_none,2
REMIND-MAgPIE 1.7-3.0,EMF33_tax_hi_full,2
REMIND-MAgPIE 1.7-3.0,EMF33_tax_hi_none,2
REMIND-MAgPIE 1.7-3.0,EMF33_tax_lo_full,2
REMIND-MAgPIE 1.7-3.0,EMF33_tax_lo_none,2
REMIND-MAgPIE 1.7-3.0,PEP_1p5C_full_NDC,2
REMIND-MAgPIE 1.7-3.0,PEP_1p5C_full_eff,2
REMIND-MAgPIE 1.7-3.0,PEP_1p5C_full_goodpractice,2
REMIND-MAgPIE 1.7-3.0,PEP_1p5C_full_netzero,2
REMIND-MAgPIE 1.7-3.0,PEP_1p5C_red_eff,2
REMIND-MAgPIE 1.7-3.0,PEP_2C_full_NDC,2
REMIND-MAgPIE 1.7-3.0,PEP_2C_full_eff,2
REMIND-MAgPIE 1.7-3.0,PEP_2C_full_goodpractice,2
REMIND-MAgPIE 1.7-3.0,PEP_2C_full_netzero,2
REMIND-MAgPIE 1.7-3.0,PEP_2C_red_NDC,2
REMIND-MAgPIE 1.7-3.0,PEP_2C_red_eff,2
REMIND-MAgPIE 1.7-3.0,PEP_2C_red_goodpractice,2
REMIND-MAgPIE 1.7-3.0,PEP_2C_red_netzero,2
REMIND-MAgPIE 1.7-3.0,PEP_NDC,2
REMIND-MAgPIE 1.7-3.0,PEP_NPi,2
REMIND-MAgPIE 1.7-3.0,PEP_NoPolicy,2
REMIND-MAgPIE 1.7-3.0,PEP_goodpractice,2
REMIND-MAgPIE 1.7-3.0,PEP_netzero,2
REMIND-MAgPIE 1.7-3.0,SMP_1p5C_Def,2
REMIND-MAgPIE 1.7-3.0,SMP_1p5C_Sust,2
REMIND-MAgPIE 1.7-3.0,SMP_1p5C_early,2
REMIND-MAgPIE 1.7-3.0,SMP_1p5C_lifesty,2
REMIND-MAgPIE 1.7-3.0,SMP_1p5C_regul,2
REMIND-MAgPIE 1.7-3.0,SMP_2C_Def,2
REMIND-MAgPIE 1.7-3.0,SMP_2C_Sust,2
REMIND-MAgPIE 1.7-3.0,SMP_2C_early,2
REMIND-MAgPIE 1.7-3.0,SMP_2C_lifesty,2
REMIND-MAgPIE 1.7-3.0,SMP_2C_regul,2
REMIND-MAgPIE 1.7-3.0,SMP_REF_Def,2
REMIND-MAgPIE 1.7-3.0,SMP_REF_Sust,2
REMIND-MAgPIE 2.0-4.1,Diff_1300Gt_hybrid_def,2
REMIND-MAgPIE 2.0-4.1,Diff_1300Gt_no-transfer_def,2
REMIND-MAgPIE 2.0-4.1,Diff_1300Gt_uniform-pricing_def,2
REMIND-MAgPIE 2.0-4.1,Diff_No-policy_baseline,2
REMIND-MAgPIE 2.1-4.2,CEMICS_SSP1-1p5C-fullCDR,1
REMIND-MAgPIE 2.1-4.2,CEMICS_SSP1-1p5C-minCDR,1
REMIND-MAgPIE 2.1-4.2,CEMICS_SSP1-Npi,1
REMIND-MAgPIE 2.1-4.2,CEMICS_SSP2-1p5C-fullCDR,2
REMIND-MAgPIE 2.1-4.2,CEMICS_SSP2-1p5C-minCDR,2
REMIND-MAgPIE 2.1-4.2,CEMICS_SSP2-2C-fullCDR,2
REMIND-MAgPIE 2.1-4.2,CEMICS_SSP2-2C-minCDR,2
REMIND-MAgPIE 2.1-4.2,CEMICS_SSP2-Npi,2
REMIND-MAgPIE 2.1-4.2,EN_INDCi2030_1000,2
REMIND-MAgPIE 2.1-4.2,EN_INDCi2030_1000_COV,2
REMIND-MAgPIE 2.1-4.2,EN_INDCi2030_1000_COV_NDCp,2
REMIND-MAgPIE 2.1-4.2,EN_INDCi2030_1000_NDCp,2
REMIND-MAgPIE 2.1-4.2,EN_INDCi2030_1000f,2
REMIND-MAgPIE 2.1-4.2,EN_INDCi2030_1000f_COV,2
REMIND-MAgPIE 2.1-4.2,EN_INDCi2030_1000f_COV_NDCp,2
REMIND-MAgPIE 2.1-4.2,EN_INDCi2030_1000f_NDCp,2
REMIND-MAgPIE 2.1-4.2,EN_INDCi2030_1200,2
REMIND-MAgPIE 2.1-4.2,EN_INDCi2030_1200f,2
REMIND-MAgPIE 2.1-4.2,EN_INDCi2030_1400,2
REMIND-MAgPIE 2.1-4.2,EN_INDCi2030_1400f,2
REMIND-MAgPIE 2.1-4.2,EN_INDCi2030_1600,2
REMIND-MAgPIE 2.1-4.2,EN_INDCi2030_1600f,2
REMIND-MAgPIE 2.1-4.2,EN_INDCi2030_1800,2
REMIND-MAgPIE 2.1-4.2,EN_INDCi2030_1800f,2
REMIND-MAgPIE 2.1-4.2,EN_INDCi2030_2000,2
REMIND-MAgPIE 2.1-4.2,EN_INDCi2030_2000f,2
REMIND-MAgPIE 2.1-4.2,EN_INDCi2030_2500,2
REMIND-MAgPIE 2.1-4.2,EN_INDCi2030_2500f,2
REMIND-MAgPIE 2.1-4.2,EN_INDCi2030_3000,2
REMIND-MAgPIE 2.1-4.2,EN_INDCi2030_3000f,2
REMIND-MAgPIE 2.1-4.2,EN_INDCi2030_300f,2
REMIND-MAgPIE 2.1-4.2,EN_INDCi2030_400f,2
REMIND-MAgPIE 2.1-4.2,EN_INDCi2030_500f,2
REMIND-MAgPIE 2.1-4.2,EN_INDCi2030_600_COV,2
REMIND-MAgPIE 2.1-4.2,EN_INDCi2030_600_COV_NDCp,2
REMIND-MAgPIE 2.1-4.2,EN_INDCi2030_600f,2
REMIND-MAgPIE 2.1-4.2,EN_INDCi2030_600f_COV,2
REMIND-MAgPIE 2.1-4.2,EN_INDCi2030_600f_COV_NDCp,2
REMIND-MAgPIE 2.1-4.2,EN_INDCi2030_600f_NDCp,2
REMIND-MAgPIE 2.1-4.2,EN_INDCi2030_700,2
REMIND-MAgPIE 2.1-4.2,EN_INDCi2030_700f,2
REMIND-MAgPIE 2.1-4.2,EN_INDCi2030_800,2
REMIND-MAgPIE 2.1-4.2,EN_INDCi2030_800f,2
REMIND-MAgPIE 2.1-4.2,EN_INDCi2030_900,2
REMIND-MAgPIE 2.1-4.2,EN_INDCi2030_900f,2
REMIND-MAgPIE 2.1-4.2,EN_INDCi2100,2
REMIND-MAgPIE 2.1-4.2,EN_INDCi2100_COV,2
REMIND-MAgPIE 2.1-4.2,EN_INDCi2100_COV_NDCp,2
REMIND-MAgPIE 2.1-4.2,EN_INDCi2100_NDCp,2
REMIND-MAgPIE 2.1-4.2,EN_NPi2020_1000,2
REMIND-MAgPIE 2.1-4.2,EN_NPi2020_1000_COV,2
REMIND-MAgPIE 2.1-4.2,EN_NPi2020_1000f,2
REMIND-MAgPIE 2.1-4.2,EN_NPi2020_1000f_COV,2
REMIND-MAgPIE 2.1-4.2,EN_NPi2020_1200,2
REMIND-MAgPIE 2.1-4.2,EN_NPi2020_1200f,2
REMIND-MAgPIE 2.1-4.2,EN_NPi2020_1400,2
REMIND-MAgPIE 2.1-4.2,EN_NPi2020_1400f,2
REMIND-MAgPIE 2.1-4.2,EN_NPi2020_1600,2
REMIND-MAgPIE 2.1-4.2,EN_NPi2020_1600f,2
REMIND-MAgPIE 2.1-4.2,EN_NPi2020_1800,2
REMIND-MAgPIE 2.1-4.2,EN_NPi2020_1800f,2
REMIND-MAgPIE 2.1-4.2,EN_NPi2020_2000,2
REMIND-MAgPIE 2.1-4.2,EN_NPi2020_2000f,2
REMIND-MAgPIE 2.1-4.2,EN_NPi2020_200f,2
REMIND-MAgPIE 2.1-4.2,EN_NPi2020_2500,2
REMIND-MAgPIE 2.1-4.2,EN_NPi2020_2500f,2
REMIND-MAgPIE 2.1-4.2,EN_NPi2020_3000,2
REMIND-MAgPIE 2.1-4.2,EN_NPi2020_3000f,2
REMIND-MAgPIE 2.1-4.2,EN_NPi2020_300f,2
REMIND-MAgPIE 2.1-4.2,EN_NPi2020_400,2
REMIND-MAgPIE 2.1-4.2,EN_NPi2020_400f,2
REMIND-MAgPIE 2.1-4.2,EN_NPi2020_500,2
REMIND-MAgPIE 2.1-4.2,EN_NPi2020_500f,2
REMIND-MAgPIE 2.1-4.2,EN_NPi2020_600,2
REMIND-MAgPIE 2.1-4.2,EN_NPi2020_600_COV,2
REMIND-MAgPIE 2.1-4.2,EN_NPi2020_600f,2
REMIND-MAgPIE 2.1-4.2,EN_NPi2020_600f_COV,2
REMIND-MAgPIE 2.1-4.2,EN_NPi2020_700,2
REMIND-MAgPIE 2.1-4.2,EN_NPi2020_700f,2
REMIND-MAgPIE 2.1-4.2,EN_NPi2020_800,2
REMIND-MAgPIE 2.1-4.2,EN_NPi2020_800f,2
REMIND-MAgPIE 2.1-4.2,EN_NPi2020_900,2
REMIND-MAgPIE 2.1-4.2,EN_NPi2020_900f,2
REMIND-MAgPIE 2.1-4.2,EN_NPi2100,2
REMIND-MAgPIE 2.1-4.2,EN_NPi2100_COV,2
REMIND-MAgPIE 2.1-4.2,EN_NoPolicy,2
REMIND-MAgPIE 2.1-4.2,NGFS2_Below 2°C,2
REMIND-MAgPIE 2.1-4.2,NGFS2_Below 2°C - IPD-95th,2
REMIND-MAgPIE 2.1-4.2,NGFS2_Below 2°C - IPD-median,2
REMIND-MAgPIE 2.1-4.2,NGFS2_Current Policies,2
REMIND-MAgPIE 2.1-4.2,NGFS2_Current Policies - IPD-95th,2
REMIND-MAgPIE 2.1-4.2,NGFS2_Current Policies - IPD-median,2
REMIND-MAgPIE 2.1-4.2,NGFS2_Delayed Transition,2
REMIND-MAgPIE 2.1-4.2,NGFS2_Divergent Net Zero Policies,2
REMIND-MAgPIE 2.1-4.2,NGFS2_Nationally Determined Contributions (NDCs),2
REMIND-MAgPIE 2.1-4.2,NGFS2_Net-Zero 2050,
REMIND-MAgPIE 2.1-4.2,NGFS2_Net-Zero 2050 - IPD-95th,
REMIND-MAgPIE 2.1-4.2,NGFS2_Net-Zero 2050 - IPD-median,
REMIND-MAgPIE 2.1-4.2,SusDev_SDP-NPi,2
REMIND-MAgPIE 2.1-4.2,SusDev_SDP-PkBudg1000,2
REMIND-MAgPIE 2.1-4.2,SusDev_SSP1-NDC,1
REMIND-MAgPIE 2.1-4.2,SusDev_SSP1-NPi,1
REMIND-MAgPIE 2.1-4.2,SusDev_SSP1-PkBudg900,1
REMIND-MAgPIE 2.1-4.2,SusDev_SSP2-NDC,2
REMIND-MAgPIE 2.1-4.2,SusDev_SSP2-NPi,2
REMIND-MAgPIE 2.1-4.2,SusDev_SSP2-PkBudg900,2
REMIND-MAgPIE 2.1-4.3,DeepElec_SSP2_ HighRE_Budg1100,2
REMIND-MAgPIE 2.1-4.3,DeepElec_SSP2_ HighRE_Budg1300,2
REMIND-MAgPIE 2.1-4.3,DeepElec_SSP2_ HighRE_Budg900,2
REMIND-MAgPIE 2.1-4.3,DeepElec_SSP2_Base,2
REMIND-MAgPIE 2.1-4.3,DeepElec_SSP2_Npi,2
REMIND-MAgPIE 2.1-4.3,DeepElec_SSP2_def_Budg1100,2
REMIND-MAgPIE 2.1-4.3,DeepElec_SSP2_def_Budg1300,2
REMIND-MAgPIE 2.1-4.3,DeepElec_SSP2_def_Budg900,2
REMIND-Transport 2.1,Transport_Budg1100_Conv,2
REMIND-Transport 2.1,Transport_Budg1100_Conv-LowD,2
REMIND-Transport 2.1,Transport_Budg1100_ConvSyn,2
REMIND-Transport 2.1,Transport_Budg1100_ElecPush,2
REMIND-Transport 2.1,Transport_Budg1100_ElecPush-LowD,2
REMIND-Transport 2.1,Transport_Budg1100_H2Push,2
REMIND-Transport 2.1,Transport_NDC_Conv,2
REMIND-Transport 2.1,Transport_NPi_Conv,2
REMIND_EU 2.0,Eff_1p5,2
REMIND_EU 2.0,Eff_Weak,2
REMIND_EU 2.0,Eff_min80,2
REMIND_EU 2.0,Incumb_1p5,2
REMIND_EU 2.0,Incumb_Weak,2
REMIND_EU 2.0,Incumb_min80,2
REMIND_EU 2.0,NewPl_1p5,2
REMIND_EU 2.0,NewPl_Weak,2
REMIND_EU 2.0,NewPl_min80,2
REmap GRO2020,Planned Energy Scenario (PES),2
REmap GRO2020,Tranforming Energy Scenario (TES),2
Reference,IEA Energy Statistics (r2017),2
Shell World Energy Model 2018,Sky,
TEA 1.0,BAU_IEO,2
TEA 1.0,BAU_WEO,2
TEA 1.0,IEO_NDC2C_ASIA,2
TEA 1.0,IEO_NDC2C_EUR_CHN,2
TEA 1.0,IEO_NDC2C_GLOBAL,2
TEA 1.0,IEO_NDC2C_PARTIAL,2
TEA 1.0,IEO_NDC2C_REF,2
TEA 1.0,IEO_NDC_ASIA,2
TEA 1.0,IEO_NDC_EUR_CHN,2
TEA 1.0,IEO_NDC_GLOBAL,2
TEA 1.0,IEO_NDC_PARTIAL,2
TEA 1.0,IEO_NDC_REF,2
TEA 1.0,IEO_NDCplus_ASIA,2
TEA 1.0,IEO_NDCplus_EUR_CHN,2
TEA 1.0,IEO_NDCplus_GLOBAL,2
TEA 1.0,IEO_NDCplus_PARTIAL,2
TEA 1.0,IEO_NDCplus_REF,2
TEA 1.0,WEO_NDC2C_ASIA,2
TEA 1.0,WEO_NDC2C_EUR_CHN,2
TEA 1.0,WEO_NDC2C_GLOBAL,2
TEA 1.0,WEO_NDC2C_PARTIAL,2
TEA 1.0,WEO_NDC2C_REF,2
TEA 1.0,WEO_NDC_ASIA,2
TEA 1.0,WEO_NDC_EUR_CHN,2
TEA 1.0,WEO_NDC_GLOBAL,2
TEA 1.0,WEO_NDC_PARTIAL,2
TEA 1.0,WEO_NDC_REF,2
TEA 1.0,WEO_NDCplus_ASIA,2
TEA 1.0,WEO_NDCplus_EUR_CHN,2
TEA 1.0,WEO_NDCplus_GLOBAL,2
TEA 1.0,WEO_NDCplus_PARTIAL,2
TEA 1.0,WEO_NDCplus_REF,2
TIAM-ECN 1.1,EN_INDCi2030_1000,2
TIAM-ECN 1.1,EN_INDCi2030_1000_COV,2
TIAM-ECN 1.1,EN_INDCi2030_1000_NDCp,2
TIAM-ECN 1.1,EN_INDCi2030_1000f,2
TIAM-ECN 1.1,EN_INDCi2030_1000f_COV,2
TIAM-ECN 1.1,EN_INDCi2030_1000f_NDCp,2
TIAM-ECN 1.1,EN_INDCi2030_1200,2
TIAM-ECN 1.1,EN_INDCi2030_1200f,2
TIAM-ECN 1.1,EN_INDCi2030_1400,2
TIAM-ECN 1.1,EN_INDCi2030_1400f,2
TIAM-ECN 1.1,EN_INDCi2030_1600,2
TIAM-ECN 1.1,EN_INDCi2030_1600f,2
TIAM-ECN 1.1,EN_INDCi2030_2000,2
TIAM-ECN 1.1,EN_INDCi2030_2000f,2
TIAM-ECN 1.1,EN_INDCi2030_2500,2
TIAM-ECN 1.1,EN_INDCi2030_2500f,2
TIAM-ECN 1.1,EN_INDCi2030_3000,2
TIAM-ECN 1.1,EN_INDCi2030_3000f,2
TIAM-ECN 1.1,EN_INDCi2030_900,2
TIAM-ECN 1.1,EN_INDCi2030_900f,2
TIAM-ECN 1.1,EN_INDCi2100,2
TIAM-ECN 1.1,EN_INDCi2100_COV,2
TIAM-ECN 1.1,EN_INDCi2100_NDCp,2
TIAM-ECN 1.1,EN_NPi2020_1000,2
TIAM-ECN 1.1,EN_NPi2020_1000_COV,2
TIAM-ECN 1.1,EN_NPi2020_1000f,2
TIAM-ECN 1.1,EN_NPi2020_1000f_COV,2
TIAM-ECN 1.1,EN_NPi2020_1200,2
TIAM-ECN 1.1,EN_NPi2020_1200f,2
TIAM-ECN 1.1,EN_NPi2020_1400,2
TIAM-ECN 1.1,EN_NPi2020_1400f,2
TIAM-ECN 1.1,EN_NPi2020_1600,2
TIAM-ECN 1.1,EN_NPi2020_1600f,2
TIAM-ECN 1.1,EN_NPi2020_2000,2
TIAM-ECN 1.1,EN_NPi2020_2000f,2
TIAM-ECN 1.1,EN_NPi2020_2500,2
TIAM-ECN 1.1,EN_NPi2020_2500f,2
TIAM-ECN 1.1,EN_NPi2020_3000,2
TIAM-ECN 1.1,EN_NPi2020_3000f,2
TIAM-ECN 1.1,EN_NPi2020_800,2
TIAM-ECN 1.1,EN_NPi2020_800f,2
TIAM-ECN 1.1,EN_NPi2020_900,2
TIAM-ECN 1.1,EN_NPi2020_900f,2
TIAM-ECN 1.1,EN_NPi2100,2
TIAM-ECN 1.1,EN_NPi2100_COV,2
TIAM-ECN AFR 1.1,2DC,2
TIAM-ECN AFR 1.1,CAP,2
TIAM-ECN AFR 1.1,REF,2
TIAM-ECN AFR 1.1,TAX,2
TIAM-ECN ETH 1.1,RCP2.6,2
TIAM-ECN ETH 1.1,baseline,2
TIAM-ECN KEN 1.1,CAP,2
TIAM-ECN KEN 1.1,NDC,2
TIAM-ECN KEN 1.1,REF,2
TIAM-ECN KEN 1.1,TAX,2
TIAM-ECN MDG 1.1,NDC,2
TIAM-ECN MDG 1.1,NDC+,2
TIAM-ECN MDG 1.1,REF,2
TIAM-Grantham 1.0,Baseline,2
TIAM-Grantham 3.2,CO_2Deg2020,2
TIAM-Grantham 3.2,CO_2Deg2030,2
TIAM-Grantham 3.2,CO_BAU,2
TIAM-Grantham 3.2,CO_Bridge,2
TIAM-Grantham 3.2,CO_CurPol,2
TIAM-Grantham 3.2,CO_GPP,2
TIAM-Grantham 3.2,CO_NDCplus,2
TIAM-Grantham 3.2,CSH,2
TIAM-Grantham 3.2,PCSH,2
TIAM-Grantham 3.2,PR_Baseline,
TIAM-Grantham 3.2,PR_CP_CarbonPriceOnly,2
TIAM-Grantham 3.2,PR_CP_CarbonPrice_1,2
TIAM-Grantham 3.2,PR_CP_EmIntensity_1,2
TIAM-Grantham 3.2,PR_NDC_CarbonPriceOnly,2
TIAM-Grantham 3.2,PR_NDC_CarbonPrice_1,2
TIAM-Grantham 3.2,PR_NDC_EmIntensity_1,2
TIAM-Grantham 3.2,R,2
TIAM-Grantham 3.2,SH,2
TIAM-UCL 4.1.1,SSP2_1_5D-50_CCC2020,2
TIAM-UCL 4.1.1,SSP2_1_75D-66,2
TIAM-UCL 4.1.1,SSP2_1_75D-66_CCC2020,2
TIAM-UCL 4.1.1,SSP2_2D-66,2
TIAM-UCL 4.1.1,SSP2_2D-66_CCC2020,2
TIAM-UCL 4.1.1,SSP2_BASE,2
TIAM-UCL 4.1.1,SSP2_BASE_CCC2020,2
TIAM-WORLD 1.0,20% abatement (FF&I),2
TIAM-WORLD 1.0,20% abatement (GHG),2
TIAM-WORLD 1.0,450 concentration,2
TIAM-WORLD 1.0,50% abatement (FF&I),2
TIAM-WORLD 1.0,50% abatement (GHG),2
TIAM-WORLD 1.0,550 concentration,2
TIAM-WORLD 1.0,650 concentration,2
TIAM-WORLD 1.0,Core baseline,2
TIAM-WORLD 1.0,High CO2 price,2
TIAM-WORLD 1.0,Low CO2 price,2
TIAM-WORLD 1.0,Policy baseline,2
WEM 2020,SDS,2
WEM 2021,NZE,2
WITCH 4.6,DISCRATE_Ref_dr2p,2
WITCH 4.6,DISCRATE_Ref_dr3p,2
WITCH 4.6,DISCRATE_Ref_dr4p,2
WITCH 4.6,DISCRATE_Ref_dr5p,2
WITCH 4.6,DISCRATE_cb1000_cdrall_dr2p,2
WITCH 4.6,DISCRATE_cb1000_cdrall_dr3p,2
WITCH 4.6,DISCRATE_cb1000_cdrall_dr4p,2
WITCH 4.6,DISCRATE_cb1000_cdrall_dr5p,2
WITCH 4.6,DISCRATE_cb1000_cdrno_dr2p,2
WITCH 4.6,DISCRATE_cb1000_cdrno_dr3p,2
WITCH 4.6,DISCRATE_cb1000_cdrno_dr4p,2
WITCH 4.6,DISCRATE_cb1000_cdrno_dr5p,2
WITCH 4.6,DISCRATE_cb400_cdrall_dr2p,2
WITCH 4.6,DISCRATE_cb400_cdrall_dr3p,2
WITCH 4.6,DISCRATE_cb400_cdrall_dr4p,2
WITCH 4.6,DISCRATE_cb400_cdrall_dr5p,2
WITCH 4.6,DISCRATE_cb400_cdrno_dr2p,2
WITCH 4.6,DISCRATE_cb400_cdrno_dr3p,2
WITCH 4.6,DISCRATE_cb400_cdrno_dr4p,2
WITCH 4.6,DISCRATE_cb400_cdrno_dr5p,2
WITCH 4.6,DISCRATE_cb600_cdrall_dr2p,2
WITCH 4.6,DISCRATE_cb600_cdrall_dr3p,2
WITCH 4.6,DISCRATE_cb600_cdrall_dr4p,2
WITCH 4.6,DISCRATE_cb600_cdrall_dr5p,2
WITCH 4.6,DISCRATE_cb600_cdrno_dr2p,2
WITCH 4.6,DISCRATE_cb600_cdrno_dr3p,2
WITCH 4.6,DISCRATE_cb600_cdrno_dr4p,2
WITCH 4.6,DISCRATE_cb600_cdrno_dr5p,2
WITCH 5.0,CO_2Deg2020,2
WITCH 5.0,CO_2Deg2030,2
WITCH 5.0,CO_BAU,2
WITCH 5.0,CO_Bridge,2
WITCH 5.0,CO_CurPol,2
WITCH 5.0,CO_GPP,2
WITCH 5.0,CO_NDC_2050convergence,2
WITCH 5.0,CO_NDCplus,2
WITCH 5.0,EN_INDCi2030_1000,2
WITCH 5.0,EN_INDCi2030_1000_NDCp,2
WITCH 5.0,EN_INDCi2030_1000f,2
WITCH 5.0,EN_INDCi2030_1000f_NDCp,2
WITCH 5.0,EN_INDCi2030_1200,2
WITCH 5.0,EN_INDCi2030_1200_NDCp,2
WITCH 5.0,EN_INDCi2030_1200f,2
WITCH 5.0,EN_INDCi2030_1200f_NDCp,2
WITCH 5.0,EN_INDCi2030_1400,2
WITCH 5.0,EN_INDCi2030_1400_NDCp,2
WITCH 5.0,EN_INDCi2030_1400f,2
WITCH 5.0,EN_INDCi2030_1400f_NDCp,2
WITCH 5.0,EN_INDCi2030_1600,2
WITCH 5.0,EN_INDCi2030_1600_NDCp,2
WITCH 5.0,EN_INDCi2030_1600f,2
WITCH 5.0,EN_INDCi2030_1600f_NDCp,2
WITCH 5.0,EN_INDCi2030_1800,2
WITCH 5.0,EN_INDCi2030_1800_NDCp,2
WITCH 5.0,EN_INDCi2030_1800f,2
WITCH 5.0,EN_INDCi2030_1800f_NDCp,2
WITCH 5.0,EN_INDCi2030_2000,2
WITCH 5.0,EN_INDCi2030_2000_NDCp,2
WITCH 5.0,EN_INDCi2030_2000f,2
WITCH 5.0,EN_INDCi2030_2000f_NDCp,2
WITCH 5.0,EN_INDCi2030_2500,2
WITCH 5.0,EN_INDCi2030_2500_NDCp,2
WITCH 5.0,EN_INDCi2030_2500f,2
WITCH 5.0,EN_INDCi2030_2500f_NDCp,2
WITCH 5.0,EN_INDCi2030_3000,2
WITCH 5.0,EN_INDCi2030_3000_NDCp,2
WITCH 5.0,EN_INDCi2030_3000f,2
WITCH 5.0,EN_INDCi2030_3000f_NDCp,2
WITCH 5.0,EN_INDCi2030_500f,2
WITCH 5.0,EN_INDCi2030_600f,2
WITCH 5.0,EN_INDCi2030_600f_NDCp,2
WITCH 5.0,EN_INDCi2030_700f,2
WITCH 5.0,EN_INDCi2030_700f_NDCp,2
WITCH 5.0,EN_INDCi2030_800,2
WITCH 5.0,EN_INDCi2030_800_NDCp,2
WITCH 5.0,EN_INDCi2030_800f,2
WITCH 5.0,EN_INDCi2030_800f_NDCp,2
WITCH 5.0,EN_INDCi2030_900,2
WITCH 5.0,EN_INDCi2030_900_NDCp,2
WITCH 5.0,EN_INDCi2030_900f,2
WITCH 5.0,EN_INDCi2030_900f_NDCp,2
WITCH 5.0,EN_INDCi2100,2
WITCH 5.0,EN_INDCi2100_NDCp,2
WITCH 5.0,EN_NPi2020_1000,2
WITCH 5.0,EN_NPi2020_1000f,2
WITCH 5.0,EN_NPi2020_1200,2
WITCH 5.0,EN_NPi2020_1200f,2
WITCH 5.0,EN_NPi2020_1400,2
WITCH 5.0,EN_NPi2020_1400f,2
WITCH 5.0,EN_NPi2020_1600,2
WITCH 5.0,EN_NPi2020_1600f,2
WITCH 5.0,EN_NPi2020_1800,2
WITCH 5.0,EN_NPi2020_1800f,2
WITCH 5.0,EN_NPi2020_2000,2
WITCH 5.0,EN_NPi2020_2000f,2
WITCH 5.0,EN_NPi2020_2500,2
WITCH 5.0,EN_NPi2020_2500f,2
WITCH 5.0,EN_NPi2020_3000,2
WITCH 5.0,EN_NPi2020_3000f,2
WITCH 5.0,EN_NPi2020_400f,2
WITCH 5.0,EN_NPi2020_450,2
WITCH 5.0,EN_NPi2020_450f,2
WITCH 5.0,EN_NPi2020_500,2
WITCH 5.0,EN_NPi2020_500f,2
WITCH 5.0,EN_NPi2020_600,2
WITCH 5.0,EN_NPi2020_600f,2
WITCH 5.0,EN_NPi2020_700,2
WITCH 5.0,EN_NPi2020_700f,2
WITCH 5.0,EN_NPi2020_800,2
WITCH 5.0,EN_NPi2020_800f,2
WITCH 5.0,EN_NPi2020_900,2
WITCH 5.0,EN_NPi2020_900f,2
WITCH 5.0,EN_NPi2100,2
WITCH 5.0,EN_NoPolicy,2
WITCH-GLOBIOM 3.1,SSP1-19,1
WITCH-GLOBIOM 3.1,SSP1-26,1
WITCH-GLOBIOM 3.1,SSP1-34,1
WITCH-GLOBIOM 3.1,SSP1-45,1
WITCH-GLOBIOM 3.1,SSP1-Baseline,1
WITCH-GLOBIOM 3.1,SSP2-26,2
WITCH-GLOBIOM 3.1,SSP2-34,2
WITCH-GLOBIOM 3.1,SSP2-45,2
WITCH-GLOBIOM 3.1,SSP2-60,2
WITCH-GLOBIOM 3.1,SSP2-Baseline,2
WITCH-GLOBIOM 3.1,SSP3-34,3
WITCH-GLOBIOM 3.1,SSP3-45,3
WITCH-GLOBIOM 3.1,SSP3-60,3
WITCH-GLOBIOM 3.1,SSP3-Baseline,3
WITCH-GLOBIOM 3.1,SSP4-19,4
WITCH-GLOBIOM 3.1,SSP4-26,4
WITCH-GLOBIOM 3.1,SSP4-34,4
WITCH-GLOBIOM 3.1,SSP4-45,4
WITCH-GLOBIOM 3.1,SSP4-60,4
WITCH-GLOBIOM 3.1,SSP4-Baseline,4
WITCH-GLOBIOM 3.1,SSP5-34,5
WITCH-GLOBIOM 3.1,SSP5-45,5
WITCH-GLOBIOM 3.1,SSP5-60,5
WITCH-GLOBIOM 3.1,SSP5-Baseline,5
WITCH-GLOBIOM 4.2,ADVANCE_2020_1.5C-2100,2
WITCH-GLOBIOM 4.2,ADVANCE_2020_Med2C,2
WITCH-GLOBIOM 4.2,ADVANCE_2020_WB2C,2
WITCH-GLOBIOM 4.2,ADVANCE_2030_Med2C,2
WITCH-GLOBIOM 4.2,ADVANCE_2030_Price1.5C,2
WITCH-GLOBIOM 4.2,ADVANCE_2030_WB2C,2
WITCH-GLOBIOM 4.2,ADVANCE_INDC,2
WITCH-GLOBIOM 4.2,ADVANCE_NoPolicy,2
WITCH-GLOBIOM 4.2,ADVANCE_Reference,2
WITCH-GLOBIOM 4.2,ADVANCE_WP2_TRA-450-FullTech,
WITCH-GLOBIOM 4.2,ADVANCE_WP2_TRA-Base-FullTech,
WITCH-GLOBIOM 4.2,ADVANCE_WP2_TRA-Ctax-FullTech,
WITCH-GLOBIOM 4.2,EMF30_BCOC-EndU,2
WITCH-GLOBIOM 4.2,EMF30_Baseline,2
WITCH-GLOBIOM 4.2,EMF30_CH4-Only,2
WITCH-GLOBIOM 4.2,EMF30_ClimPolicy,2
WITCH-GLOBIOM 4.2,EMF30_ClimPolicy+SLCF,2
WITCH-GLOBIOM 4.2,EMF30_D_BCOC-Red,2
WITCH-GLOBIOM 4.2,EMF30_D_CH4-ClimPolicy,2
WITCH-GLOBIOM 4.2,EMF30_D_CO2-Only,2
WITCH-GLOBIOM 4.2,EMF30_D_Frozen-CH4,2
WITCH-GLOBIOM 4.2,EMF30_D_Frozen-EF,2
WITCH-GLOBIOM 4.2,EMF30_D_Frozen-EF-EndU,2
WITCH-GLOBIOM 4.2,EMF30_D_Frozen-EF-SLCF,2
WITCH-GLOBIOM 4.2,EMF30_SLCF,2
WITCH-GLOBIOM 4.2,EMF30_Slower-Action,2
WITCH-GLOBIOM 4.2,EMF30_Slower-Action+SLCF,2
WITCH-GLOBIOM 4.2,EMF30_Slower-to-faster,2
WITCH-GLOBIOM 4.2,EMF30_Slower-to-faster+SLCF,2
WITCH-GLOBIOM 4.2,EMF30_Slower-to-faster+SLCF+HFC,2
WITCH-GLOBIOM 4.4,CD-LINKS_INDC2030i_1600,2
WITCH-GLOBIOM 4.4,CD-LINKS_INDCi,2
WITCH-GLOBIOM 4.4,CD-LINKS_NDC2030i_1000,2
WITCH-GLOBIOM 4.4,CD-LINKS_NPi,2
WITCH-GLOBIOM 4.4,CD-LINKS_NPi2020_1000,2
WITCH-GLOBIOM 4.4,CD-LINKS_NPi2020_1600,2
WITCH-GLOBIOM 4.4,CD-LINKS_NPi2020_400,2
WITCH-GLOBIOM 4.4,CD-LINKS_NoPolicy,2
history,scen,
C-GEM 3.0,BAU_IEO,
C-GEM 3.0,BAU_WEO,
C-GEM 3.0,IEO_NDC2C_ASIA,
C-GEM 3.0,IEO_NDC2C_EUR_CHN,
C-GEM 3.0,IEO_NDC2C_GLOBAL,
C-GEM 3.0,IEO_NDC2C_PARTIAL,
C-GEM 3.0,IEO_NDC2C_REF,
C-GEM 3.0,IEO_NDC_ASIA,
C-GEM 3.0,IEO_NDC_EUR_CHN,
C-GEM 3.0,IEO_NDC_GLOBAL,
C-GEM 3.0,IEO_NDC_PARTIAL,
C-GEM 3.0,IEO_NDC_REF,
C-GEM 3.0,IEO_NDCplus_ASIA,
C-GEM 3.0,IEO_NDCplus_EUR_CHN,
C-GEM 3.0,IEO_NDCplus_GLOBAL,
C-GEM 3.0,IEO_NDCplus_PARTIAL,
C-GEM 3.0,IEO_NDCplus_REF,
C-GEM 3.0,WEO_NDC2C_ASIA,
C-GEM 3.0,WEO_NDC2C_EUR_CHN,
C-GEM 3.0,WEO_NDC2C_GLOBAL,
C-GEM 3.0,WEO_NDC2C_PARTIAL,
C-GEM 3.0,WEO_NDC2C_REF,
C-GEM 3.0,WEO_NDC_ASIA,
C-GEM 3.0,WEO_NDC_EUR_CHN,
C-GEM 3.0,WEO_NDC_GLOBAL,
C-GEM 3.0,WEO_NDC_PARTIAL,
C-GEM 3.0,WEO_NDC_REF,
C-GEM 3.0,WEO_NDCplus_ASIA,
C-GEM 3.0,WEO_NDCplus_EUR_CHN,
C-GEM 3.0,WEO_NDCplus_GLOBAL,
C-GEM 3.0,WEO_NDCplus_PARTIAL,
C-GEM 3.0,WEO_NDCplus_REF,
CGE-MOD 1.0,BAU_IEO,
CGE-MOD 1.0,BAU_WEO,
CGE-MOD 1.0,IEO_NDC2C_ASIA,
CGE-MOD 1.0,IEO_NDC2C_EUR_CHN,
CGE-MOD 1.0,IEO_NDC2C_GLOBAL,
CGE-MOD 1.0,IEO_NDC2C_PARTIAL,
CGE-MOD 1.0,IEO_NDC2C_REF,
CGE-MOD 1.0,IEO_NDC_ASIA,
CGE-MOD 1.0,IEO_NDC_EUR_CHN,
CGE-MOD 1.0,IEO_NDC_GLOBAL,
CGE-MOD 1.0,IEO_NDC_PARTIAL,
CGE-MOD 1.0,IEO_NDC_REF,
CGE-MOD 1.0,IEO_NDCplus_ASIA,
CGE-MOD 1.0,IEO_NDCplus_EUR_CHN,
CGE-MOD 1.0,IEO_NDCplus_GLOBAL,
CGE-MOD 1.0,IEO_NDCplus_PARTIAL,
CGE-MOD 1.0,IEO_NDCplus_REF,
CGE-MOD 1.0,WEO_NDC2C_ASIA,
CGE-MOD 1.0,WEO_NDC2C_EUR_CHN,
CGE-MOD 1.0,WEO_NDC2C_GLOBAL,
CGE-MOD 1.0,WEO_NDC2C_PARTIAL,
CGE-MOD 1.0,WEO_NDC2C_REF,
CGE-MOD 1.0,WEO_NDC_ASIA,
CGE-MOD 1.0,WEO_NDC_EUR_CHN,
CGE-MOD 1.0,WEO_NDC_GLOBAL,
CGE-MOD 1.0,WEO_NDC_PARTIAL,
CGE-MOD 1.0,WEO_NDC_REF,
CGE-MOD 1.0,WEO_NDCplus_ASIA,
CGE-MOD 1.0,WEO_NDCplus_EUR_CHN,
CGE-MOD 1.0,WEO_NDCplus_GLOBAL,
CGE-MOD 1.0,WEO_NDCplus_PARTIAL,
CGE-MOD 1.0,WEO_NDCplus_REF,
EDF-GEPA 1.0,BAU_IEO,
EDF-GEPA 1.0,BAU_WEO,
EDF-GEPA 1.0,IEO_NDC2C_ASIA,
EDF-GEPA 1.0,IEO_NDC2C_EUR_CHN,
EDF-GEPA 1.0,IEO_NDC2C_GLOBAL,
EDF-GEPA 1.0,IEO_NDC2C_PARTIAL,
EDF-GEPA 1.0,IEO_NDC2C_REF,
EDF-GEPA 1.0,IEO_NDC_ASIA,
EDF-GEPA 1.0,IEO_NDC_EUR_CHN,
EDF-GEPA 1.0,IEO_NDC_GLOBAL,
EDF-GEPA 1.0,IEO_NDC_PARTIAL,
EDF-GEPA 1.0,IEO_NDC_REF,
EDF-GEPA 1.0,IEO_NDCplus_ASIA,
EDF-GEPA 1.0,IEO_NDCplus_EUR_CHN,
EDF-GEPA 1.0,IEO_NDCplus_GLOBAL,
EDF-GEPA 1.0,IEO_NDCplus_PARTIAL,
EDF-GEPA 1.0,IEO_NDCplus_REF,
EDF-GEPA 1.0,WEO_NDC2C_ASIA,
EDF-GEPA 1.0,WEO_NDC2C_EUR_CHN,
EDF-GEPA 1.0,WEO_NDC2C_GLOBAL,
EDF-GEPA 1.0,WEO_NDC2C_PARTIAL,
EDF-GEPA 1.0,WEO_NDC2C_REF,
EDF-GEPA 1.0,WEO_NDC_ASIA,
EDF-GEPA 1.0,WEO_NDC_EUR_CHN,
EDF-GEPA 1.0,WEO_NDC_GLOBAL,
EDF-GEPA 1.0,WEO_NDC_PARTIAL,
EDF-GEPA 1.0,WEO_NDC_REF,
EDF-GEPA 1.0,WEO_NDCplus_ASIA,
EDF-GEPA 1.0,WEO_NDCplus_EUR_CHN,
EDF-GEPA 1.0,WEO_NDCplus_GLOBAL,
EDF-GEPA 1.0,WEO_NDCplus_PARTIAL,
EDF-GEPA 1.0,WEO_NDCplus_REF,
Reference,CEDS,
Reference,EDGAR AR6,
Reference,EMBERS 2020,
Reference,IEA 2019,
Reference,Solar-Wind-composite,
SNOW_GL_HH_v1,BAU_IEO,
SNOW_GL_HH_v1,BAU_WEO,
SNOW_GL_HH_v1,IEO_NDC2C_ASIA,
SNOW_GL_HH_v1,IEO_NDC2C_EUR_CHN,
SNOW_GL_HH_v1,IEO_NDC2C_GLOBAL,
SNOW_GL_HH_v1,IEO_NDC2C_PARTIAL,
SNOW_GL_HH_v1,IEO_NDC2C_REF,
SNOW_GL_HH_v1,IEO_NDC_ASIA,
SNOW_GL_HH_v1,IEO_NDC_EUR_CHN,
SNOW_GL_HH_v1,IEO_NDC_GLOBAL,
SNOW_GL_HH_v1,IEO_NDC_PARTIAL,
SNOW_GL_HH_v1,IEO_NDC_REF,
SNOW_GL_HH_v1,IEO_NDCplus_ASIA,
SNOW_GL_HH_v1,IEO_NDCplus_EUR_CHN,
SNOW_GL_HH_v1,IEO_NDCplus_GLOBAL,
SNOW_GL_HH_v1,IEO_NDCplus_PARTIAL,
SNOW_GL_HH_v1,IEO_NDCplus_REF,
SNOW_GL_HH_v1,WEO_NDC2C_ASIA,
SNOW_GL_HH_v1,WEO_NDC2C_EUR_CHN,
SNOW_GL_HH_v1,WEO_NDC2C_GLOBAL,
SNOW_GL_HH_v1,WEO_NDC2C_PARTIAL,
SNOW_GL_HH_v1,WEO_NDC2C_REF,
SNOW_GL_HH_v1,WEO_NDC_ASIA,
SNOW_GL_HH_v1,WEO_NDC_EUR_CHN,
SNOW_GL_HH_v1,WEO_NDC_GLOBAL,
SNOW_GL_HH_v1,WEO_NDC_PARTIAL,
SNOW_GL_HH_v1,WEO_NDC_REF,
SNOW_GL_HH_v1,WEO_NDCplus_ASIA,
SNOW_GL_HH_v1,WEO_NDCplus_EUR_CHN,
SNOW_GL_HH_v1,WEO_NDCplus_GLOBAL,
SNOW_GL_HH_v1,WEO_NDCplus_PARTIAL,
SNOW_GL_HH_v1,WEO_NDCplus_REF,
WEGDYN 1.0,BAU_IEO,
WEGDYN 1.0,BAU_WEO,
WEGDYN 1.0,IEO_NDC2C_ASIA,
WEGDYN 1.0,IEO_NDC2C_EUR_CHN,
WEGDYN 1.0,IEO_NDC2C_GLOBAL,
WEGDYN 1.0,IEO_NDC2C_PARTIAL,
WEGDYN 1.0,IEO_NDC2C_REF,
WEGDYN 1.0,IEO_NDC_ASIA,
WEGDYN 1.0,IEO_NDC_EUR_CHN,
WEGDYN 1.0,IEO_NDC_GLOBAL,
WEGDYN 1.0,IEO_NDC_PARTIAL,
WEGDYN 1.0,IEO_NDC_REF,
WEGDYN 1.0,IEO_NDCplus_ASIA,
WEGDYN 1.0,IEO_NDCplus_EUR_CHN,
WEGDYN 1.0,IEO_NDCplus_GLOBAL,
WEGDYN 1.0,IEO_NDCplus_PARTIAL,
WEGDYN 1.0,IEO_NDCplus_REF,
WEGDYN 1.0,WEO_NDC2C_ASIA,
WEGDYN 1.0,WEO_NDC2C_EUR_CHN,
WEGDYN 1.0,WEO_NDC2C_GLOBAL,
WEGDYN 1.0,WEO_NDC2C_PARTIAL,
WEGDYN 1.0,WEO_NDC2C_REF,
WEGDYN 1.0,WEO_NDC_ASIA,
WEGDYN 1.0,WEO_NDC_EUR_CHN,
WEGDYN 1.0,WEO_NDC_GLOBAL,
WEGDYN 1.0,WEO_NDC_PARTIAL,
WEGDYN 1.0,WEO_NDC_REF,
WEGDYN 1.0,WEO_NDCplus_ASIA,
WEGDYN 1.0,WEO_NDCplus_EUR_CHN,
WEGDYN 1.0,WEO_NDCplus_GLOBAL,
WEGDYN 1.0,WEO_NDCplus_PARTIAL,
WEGDYN 1.0,WEO_NDCplus_REF,
